key,en,am,words_en,kind,file,line,uses,flags
account.overview.editProfile,Edit profile,መገለጫ አርትዕ,2,button,src/features/account/account-overview.tsx,196,1,
admin.attributes.action.assign,Assign to category,ወደ ምድብ መድብ,3,menu,src/features/admin-attributes/attributes-page.tsx,448,1,
admin.attributes.action.delete,Delete,ሰርዝ,1,menu,src/features/admin-attributes/attributes-page.tsx,468,1,
admin.attributes.action.edit,Edit,አርትዕ,1,menu,src/features/admin-attributes/attributes-page.tsx,438,1,
admin.attributes.action.merge,Merge,አዋህድ,1,button,src/features/admin-attributes/attributes-page.tsx,504,1,
admin.attributes.action.remove,Remove from category,ከምድብ አስወግድ,3,menu,src/features/admin-attributes/attributes-page.tsx,458,1,
admin.attributes.assign.category,Category,ምድብ,1,field,src/features/admin-attributes/attribute-dialogs.tsx,824,1,
admin.attributes.create.open,New attribute,አዲስ ባህሪ,2,button,src/features/admin-attributes/attributes-page.tsx,491,1,
admin.attributes.delete.confirmLabel,Type {key} to confirm,ለማረጋገጥ {key} ይተይቡ,4,field,src/features/admin-attributes/attribute-dialogs.tsx,593,1,
admin.attributes.dependsOn.previewLabel,Preview the cascade,ቅደም ተከተሉን ይመልከቱ,3,field,src/features/admin-attributes/attribute-dialogs.tsx,438,1,
admin.attributes.export.busy,Exporting…,በመላክ ላይ…,1,button,src/features/admin-attributes/attributes-page.tsx,610,1,
admin.attributes.export.open,Export attributes,ባህርያትን ላክ,2,button,src/features/admin-attributes/attributes-page.tsx,611,1,
admin.attributes.field.decimals,Decimal places,የአሥርዮሽ ቦታዎች,2,field,src/features/admin-attributes/components/attribute-v2-fields.tsx,127,1,
admin.attributes.field.dependsOn,Depends on,የሚመሠረተው በ,2,field,src/features/admin-attributes/attribute-dialogs.tsx,387,1,
admin.attributes.field.format,Format,ቅርጸት,1,field,src/features/admin-attributes/components/attribute-v2-fields.tsx,104,1,
admin.attributes.field.help,Help text,የእገዛ ጽሑፍ,2,field,src/features/admin-attributes/attribute-dialogs.tsx,479,1,
admin.attributes.field.helpAm,Help text (Amharic),የእገዛ ጽሑፍ (አማርኛ),3,field,src/features/admin-attributes/attribute-dialogs.tsx,492,1,
admin.attributes.field.key,Key,ቁልፍ,1,field,src/features/admin-attributes/attribute-dialogs.tsx,339,1,
admin.attributes.field.max,Maximum,ከፍተኛ,1,field,src/features/admin-attributes/components/attribute-v2-fields.tsx,92,1,
admin.attributes.field.maxLength,Maximum length,ከፍተኛ ርዝመት,2,field,src/features/admin-attributes/components/attribute-v2-fields.tsx,246,1,
admin.attributes.field.min,Minimum,አነስተኛ,1,field,src/features/admin-attributes/components/attribute-v2-fields.tsx,80,1,
admin.attributes.field.name,Name,ስም,1,field,src/features/admin-attributes/attribute-dialogs.tsx,351,1,
admin.attributes.field.preset,Allowed shape,የተፈቀደ ቅርጽ,2,field,src/features/admin-attributes/components/attribute-v2-fields.tsx,191,1,
admin.attributes.field.presetA,Shortest length,አጭሩ ርዝመት,2,field,src/features/admin-attributes/components/attribute-v2-fields.tsx,225,1,
admin.attributes.field.presetB,Longest length,ረጅሙ ርዝመት,2,field,src/features/admin-attributes/components/attribute-v2-fields.tsx,234,1,
admin.attributes.field.presetN,Number of characters,የቁምፊ ብዛት,3,field,src/features/admin-attributes/components/attribute-v2-fields.tsx,213,1,
admin.attributes.field.type,Type,ዓይነት,1,field,src/features/admin-attributes/attribute-dialogs.tsx,362,1,
admin.attributes.field.unit,Unit,መለኪያ,1,field,src/features/admin-attributes/components/attribute-v2-fields.tsx,53,1,
admin.attributes.field.unitAm,Unit in Amharic,መለኪያ በአማርኛ,3,field,src/features/admin-attributes/components/attribute-v2-fields.tsx,66,1,
admin.attributes.filter.clear,Clear filter,ማጣሪያውን አጽዳ,2,button,src/features/admin-attributes/attributes-page.tsx,589,1,
admin.attributes.import.open,Import attributes,ባህርያትን አስገባ,2,button,src/features/admin-attributes/attributes-page.tsx,625,1,
admin.attributes.inherited.openOrigin,Open origin category,የመነሻ ምድብ ክፈት,3,menu,src/features/admin-attributes/attributes-page.tsx,410,1,
admin.attributes.links.add,Add attribute,ባህሪ ጨምር,2,button,src/features/admin-attributes/category-attributes-dialog.tsx,497,1,
admin.attributes.links.done,Done,ተጨርሷል,1,button,src/features/admin-attributes/category-attributes-dialog.tsx,515,1,
admin.attributes.links.unlink,Unlink,አላቅቅ,1,button,src/features/admin-attributes/category-attributes-dialog.tsx,356,1,
admin.attributes.merge.target,Keep this attribute,ይህን ባህሪ አቆይ,3,field,src/features/admin-attributes/attribute-dialogs.tsx,680,1,
admin.attributes.options.addRow,Add option,አማራጭ ጨምር,2,button,src/features/admin-attributes/components/attribute-option-rows.tsx,189,1,
admin.attributes.options.allowedRemove,Remove allowed values,የተፈቀዱ ዋጋዎችን አስወግድ,3,button,src/features/admin-attributes/components/attribute-allowed-values.tsx,94,1,
admin.attributes.options.boundsRemove,Remove bound,ገደብ አስወግድ,2,button,src/features/admin-attributes/components/attribute-option-row.tsx,213,1,
admin.attributes.options.labelAm,Label (Amharic),ስም (አማርኛ),2,field,src/features/admin-attributes/components/attribute-option-row.tsx,131,1,
admin.attributes.options.labelEn,Label (English),ስም (እንግሊዝኛ),2,field,src/features/admin-attributes/components/attribute-option-row.tsx,119,1,
admin.attributes.options.parentFilter,Show options for,የትኞቹን አማራጮች አሳይ,3,field,src/features/admin-attributes/components/attribute-option-rows.tsx,125,1,
admin.attributes.options.removeRow,Remove,አስወግድ,1,button,src/features/admin-attributes/components/attribute-option-row.tsx,166,1,
admin.attributes.options.search,Find an option,አማራጭ ፈልግ,3,field,src/features/admin-attributes/components/attribute-option-rows.tsx,114,1,
admin.attributes.options.value,Value,እሴት,1,field,src/features/admin-attributes/components/attribute-option-row.tsx,96,1,
admin.attributes.remove.category,Category,ምድብ,1,field,src/features/admin-attributes/attribute-dialogs.tsx,915,1,
admin.audit.collapse,Hide details,ዝርዝሮችን ደብቅ,2,button,src/features/admin/audit/audit-page.tsx,357,1,
admin.audit.expand,Details,ዝርዝሮች,1,button,src/features/admin/audit/audit-page.tsx,357,1,
admin.audit.stat.activeImpersonations,Active impersonations,ንቁ የመወከል ክፍለ ጊዜዎች,2,field,src/features/admin/audit/audit-page.tsx,211,1,
admin.audit.stat.events24h,Events (24h),ክንውኖች (24 ሰዓት),2,field,src/features/admin/audit/audit-page.tsx,199,1,
admin.audit.stat.events7d,Events (7d),ክንውኖች (7 ቀን),2,field,src/features/admin/audit/audit-page.tsx,205,1,
admin.audit.stat.topAction,Top action,ቀዳሚ እርምጃ,2,field,src/features/admin/audit/audit-page.tsx,217,1,
admin.categories.action.down,Move down,ወደ ታች አንቀሳቅስ,2,button,src/features/admin-attributes/category-attributes-dialog.tsx,347,1,
admin.categories.action.edit,Edit,አርትዕ,1,aria,src/features/admin-categories/categories-page.tsx,606,1,
admin.categories.action.up,Move up,ወደ ላይ አንቀሳቅስ,2,button,src/features/admin-attributes/category-attributes-dialog.tsx,337,1,
admin.categories.bulk.generateMissing,Generate missing,የጎደሉትን አመንጭ,2,button,src/features/admin-categories/categories-page.tsx,928,1,
admin.categories.create.countries,Hide in countries,በእነዚህ አገሮች ደብቅ,3,field,src/features/admin-categories/category-form-fields.tsx,297,1,
admin.categories.create.open,Create category,ምድብ ፍጠር,2,button,src/features/admin-categories/categories-page.tsx,832,1,
admin.categories.create.parent,Parent,ወላጅ,1,field,src/features/admin-categories/category-form-fields.tsx,190,1,
admin.categories.create.position,Position,ቦታ,1,field,src/features/admin-categories/category-form-fields.tsx,212,1,
admin.categories.delete.confirmLabel,Type the slug to confirm,ለማረጋገጥ slug ይተይቡ,5,field,src/features/admin-categories/category-dialogs.tsx,1031,1,
admin.categories.export.busy,Exporting…,በመላክ ላይ…,1,button,src/features/admin-categories/categories-page.tsx,967,1,
admin.categories.export.open,Export categories,ምድቦችን ላክ,2,button,src/features/admin-categories/categories-page.tsx,968,1,
admin.categories.field.icon,Icon,አዶ,1,field,src/features/admin-categories/category-form-fields.tsx,154,1,
admin.categories.field.iconChange,Change,ቀይር,1,button,src/features/admin-categories/category-form-fields.tsx,178,1,
admin.categories.field.lifetimeDays,Listing lifetime (days),የማስታወቂያ ዕድሜ (ቀናት),3,field,src/features/admin-categories/category-form-fields.tsx,238,1,
admin.categories.field.name,Name (English),ስም (እንግሊዝኛ),2,field,src/features/admin-categories/category-form-fields.tsx,132,1,
admin.categories.field.order,Display order,የማሳያ ቅደም ተከተል,2,field,src/features/admin-categories/category-dialogs.tsx,398,1,
admin.categories.filter.missingAssets,Missing assets,ንብረቶች የሚጎድላቸው,2,button,src/features/admin-categories/categories-page.tsx,915,1,
admin.categories.image.accept,Accept this image,ይህን ምስል ተቀበል,3,button,src/features/admin-categories/category-image-dialog.tsx,318,1,
admin.categories.image.busy,Generating…,በማመንጨት ላይ…,1,button,src/features/admin-categories/category-image-dialog.tsx,168,1,
admin.categories.image.generate,Generate image,ምስል አመንጭ,2,button,src/features/admin-categories/category-image-dialog.tsx,170,1,
admin.categories.image.regenerate,Regenerate image,ምስል እንደገና አመንጭ,2,button,src/features/admin-categories/category-image-dialog.tsx,171,1,
admin.categories.import.open,Import categories,ምድቦችን አስገባ,2,button,src/features/admin-categories/categories-page.tsx,980,1,
admin.categories.paths.add,Add another browse path,ሌላ የአሰሳ መንገድ ጨምር,4,field,src/features/admin-categories/category-dialogs.tsx,945,1,
admin.categories.paths.makePrimary,Make primary,ዋና አድርግ,2,button,src/features/admin-categories/category-dialogs.tsx,936,1,
admin.categories.paths.remove,Remove path,መንገድ አስወግድ,2,button,src/features/admin-categories/category-dialogs.tsx,925,1,
admin.categories.pointer.parent,Additional parent,ተጨማሪ ወላጅ,2,field,src/features/admin-categories/category-dialogs.tsx,771,1,
admin.categories.retire.reassignCount,Move {count} listings to,{count} ዝርዝሮችን ወደ አዛውር,4,field,src/features/admin-categories/category-dialogs.tsx,687,1,
admin.categories.window.from,Visible from,የሚታይ ከ,2,field,src/features/admin-categories/category-dialogs.tsx,527,2,
admin.categories.window.until,Visible until,የሚታይ እስከ,2,field,src/features/admin-categories/category-dialogs.tsx,536,2,
admin.countries.action.close,Close this market,ይህን ገበያ ዝጊ,3,button,src/features/admin-countries/country-verb-bar.tsx,61,1,
admin.countries.action.edit,Edit,አርትዕ,1,aria,src/features/admin-countries/countries-page.tsx,209,1,
admin.countries.action.open,Open this market,ይህን ገበያ ክፈት,3,button,src/features/admin-countries/country-verb-bar.tsx,67,1,
admin.countries.action.railOrder,Rail order,የሓድድ ቅደት,2,button,src/features/admin-countries/country-verb-bar.tsx,75,1,
admin.countries.close.forceConfirm,Close anyway,ቢሆንም ዝጋ,2,button,src/features/admin-countries/country-verb-dialogs.tsx,81,1,
admin.countries.field.currency,Currency code,የገንዘብ ኮድ,2,field,src/features/admin-countries/country-dialogs.tsx,146,1,
admin.countries.field.name,Name (English),ስም (እንግሊዝ),2,field,src/features/admin-countries/country-dialogs.tsx,122,1,
admin.countries.field.order,Order,ቅደት,1,field,src/features/admin-countries/country-dialogs.tsx,157,1,
admin.countries.field.unit,Unit system,የመለክያ ስርዓት,2,field,src/features/admin-countries/country-dialogs.tsx,130,1,
admin.countries.import.title,Import countries,አገሮችን አስገባ,2,button,src/features/admin-countries/countries-page.tsx,311,1,
admin.countries.rail.down,Move down,ወደ ታች,2,aria,src/features/admin-countries/country-verb-dialogs.tsx,196,1,
admin.countries.rail.reset,Reset order,ቅደም ተከተሉን መልስ,2,button,src/features/admin-countries/country-verb-dialogs.tsx,222,1,
admin.countries.rail.submit,Save order,ቅደቱን አስቀምጥ,2,button,src/features/admin-countries/country-verb-dialogs.tsx,231,1,
admin.countries.rail.up,Move up,ወደ ላይ,2,aria,src/features/admin-countries/country-verb-dialogs.tsx,184,1,
admin.coverage.action.edit,Edit,አርክ,1,aria,src/features/admin-coverage/coverage-page.tsx,151,1,
admin.coverage.create.open,Add plan,እቅድ አክል,2,button,src/features/admin-coverage/coverage-page.tsx,183,1,
admin.coverage.field.plan,Plan name,የእቅዱ ስም,2,field,src/features/admin-coverage/coverage-create-dialog.tsx,82,1,
admin.locations.action.activate,Activate,አግብር,1,button,src/features/admin-locations/location-verb-bar.tsx,102,1,
admin.locations.action.createChild,Add place inside,ውስጡ ቦታ ጨምር,3,button,src/features/admin-locations/location-verb-bar.tsx,94,1,
admin.locations.action.delete,Delete,አጥፋ,1,button,src/features/admin-locations/location-verb-bar.tsx,127,1,
admin.locations.action.edit,Edit,አስተካክል,1,aria,src/features/admin-locations/locations-page.tsx,256,1,
admin.locations.action.move,Move,አንቀሳቅስ,1,button,src/features/admin-locations/location-verb-bar.tsx,110,1,
admin.locations.action.reorder,Reorder siblings,የአጎራባቾችን ቅደም ተከተል ቀይር,2,button,src/features/admin-locations/location-verb-bar.tsx,118,1,
admin.locations.action.retire,Retire,አቋርጥ,1,button,src/features/admin-locations/location-verb-bar.tsx,102,1,
admin.locations.create.open,Add place,ቦታ ጨምር,2,button,src/features/admin-locations/locations-page.tsx,289,1,
admin.locations.create.parent,Inside,ውስጥ,1,field,src/features/admin-locations/location-dialogs.tsx,200,1,
admin.locations.delete.confirmLabel,Address,አድራሻ,1,field,src/features/admin-locations/location-verb-dialogs.tsx,336,1,
admin.locations.export.busy,Preparing file…,ፋይሉ እየተዘጋጀ ነው…,2,button,src/features/admin-countries/countries-page.tsx,298,2,
admin.locations.export.countries,Download countries,አገሮችን አውርድ,2,button,src/features/admin-countries/countries-page.tsx,299,1,
admin.locations.export.locations,Download places,ቦታዎችን አውርድ,2,button,src/features/admin-locations/locations-page.tsx,375,1,
admin.locations.field.aliasAdd,Add,ጨምር,1,button,src/features/admin-locations/location-form-fields.tsx,171,1,
admin.locations.field.aliasRemove,Remove this name,ይህን ስም አስወግድ,3,aria,src/features/admin-locations/location-form-fields.tsx,178,1,
admin.locations.field.aliases,Other names people search for,ሰዎች የሚፈልጉባቸው ሌሎች ስሞች,5,field,src/features/admin-locations/location-form-fields.tsx,152,1,
admin.locations.field.centerLat,Centre latitude,የመሃል ኬክሮስ,2,field,src/features/admin-locations/location-form-fields.tsx,125,1,
admin.locations.field.centerLng,Centre longitude,የመሃል ኬንትሮስ,2,field,src/features/admin-locations/location-form-fields.tsx,141,1,
admin.locations.field.iso,ISO 3166-2 code,የISO 3166-2 ኮድ,3,field,src/features/admin-locations/location-form-fields.tsx,114,1,
admin.locations.field.name,Name (English),ስም (እንግሊዝኛ),2,field,src/features/admin-locations/location-form-fields.tsx,78,1,
admin.locations.field.order,Order,ቅደም ተከተል,1,field,src/features/admin-locations/location-form-fields.tsx,200,1,
admin.locations.field.slug,Slug,መለያ,1,field,src/features/admin-locations/location-form-fields.tsx,99,1,
admin.locations.import.openPlaces,Import places,ቦታዎችን አስገባ,2,button,src/features/admin-locations/locations-page.tsx,387,1,
admin.locations.move.parent,New parent,አዲስ ወላጅ,2,field,src/features/admin-locations/location-verb-dialogs.tsx,153,1,
admin.locations.reorder.down,Move down,ወደ ታች አንቀሳቅስ,2,button,src/features/admin-locations/location-verb-dialogs.tsx,269,1,
admin.locations.reorder.up,Move up,ወደ ላይ አንቀሳቅስ,2,button,src/features/admin-locations/location-verb-dialogs.tsx,259,1,
admin.roles.col.name,Role,ሚና,1,field,src/features/admin/roles/role-detail.tsx,158,1,
admin.roles.create.cancel,Cancel,ተወው,1,button,src/features/admin/roles/roles-list.tsx,184,1,
admin.roles.create.descriptionField,Description,መግለጫ,1,field,src/features/admin/roles/role-detail.tsx,170,2,
admin.roles.create.displayName,Display name,የሚታይ ስም,2,field,src/features/admin/roles/role-detail.tsx,161,2,
admin.roles.create.name,Role key,የሚና ቁልፍ,2,field,src/features/admin/roles/roles-list.tsx,199,1,
admin.roles.create.open,Create role,ሚና ፍጠር,2,button,src/features/admin/roles/roles-list.tsx,129,1,
admin.roles.create.submit,Create role,ሚና ፍጠር,2,button,src/features/admin/roles/roles-list.tsx,172,1,
admin.roles.danger.delete,Delete role,ሚና ሰርዝ,2,button,src/features/admin/roles/role-detail.tsx,284,1,
admin.roles.meta.save,Save changes,ለውጦችን አስቀምጥ,2,button,src/features/admin/roles/role-detail.tsx,139,1,
admin.roles.perm.grant,Grant,ስጥ,1,button,src/features/admin/roles/permission-matrix.tsx,186,1,
admin.roles.perm.revoke,Revoke,አንሳ,1,button,src/features/admin/roles/permission-matrix.tsx,185,1,
admin.translations.add.code,Language code,የቋንቋ ኮድ,2,field,src/features/admin/translations/languages-page.tsx,757,1,
admin.translations.add.countries,Countries where it is spoken,የሚነገርባቸው አገሮች,5,field,src/features/admin/translations/languages-page.tsx,796,1,
admin.translations.add.fromList,Choose from list,ከዝርዝሩ ይምረጡ,3,button,src/features/admin/translations/languages-page.tsx,712,1,
admin.translations.add.manual,Enter manually,በእጅ ያስገቡ,2,button,src/features/admin/translations/language-picker.tsx,106,1,
admin.translations.add.nameEn,English name,የእንግሊዝኛ ስም,2,field,src/features/admin/translations/languages-page.tsx,766,1,
admin.translations.add.nameNative,Native name,የራሱ ስም,2,field,src/features/admin/translations/languages-page.tsx,775,1,
admin.translations.add.pick,Language,ቋንቋ,1,field,src/features/admin/translations/languages-page.tsx,745,1,
admin.translations.add.rtl,Right-to-left script,ከቀኝ ወደ ግራ ጽሑፍ,2,field,src/features/admin/translations/languages-page.tsx,785,2,
admin.translations.add.submit,Add language,ቋንቋ ጨምር,2,button,src/features/admin/translations/languages-page.tsx,700,1,
admin.translations.ai.cancel,Cancel,ተወው,1,dialog,src/features/admin/translations/ai-bulk-bar.tsx,349,1,
admin.translations.ai.confirmCta,Translate {count},{count} ተርጉም,2,dialog,src/features/admin/translations/ai-bulk-bar.tsx,357,1,
admin.translations.ai.pending,Translating…,በመተርጎም ላይ…,1,button,src/features/admin/translations/ai-bulk-bar.tsx,290,3,
admin.translations.ai.row,AI translate,በAI ተርጉም,2,button,src/features/admin/translations/data-scope.tsx,457,2,
admin.translations.approve.cancel,Cancel,ሰርዝ,1,dialog,src/features/admin/translations/approve-bar.tsx,164,1,
admin.translations.approve.confirmCta,Approve {count},{count} አጽድቅ,2,dialog,src/features/admin/translations/approve-bar.tsx,167,1,
admin.translations.collapse,Close,ዝጋ,1,button,src/features/admin/translations/data-scope.tsx,241,2,
admin.translations.delete.action,Delete,ሰርዝ,1,button,src/features/admin/translations/delete-language-dialog.tsx,96,1,
admin.translations.delete.cancel,Cancel,ተወው,1,dialog,src/features/admin/translations/delete-language-dialog.tsx,146,1,
admin.translations.delete.confirm,Delete language,ቋንቋ ሰርዝ,2,dialog,src/features/admin/translations/delete-language-dialog.tsx,161,1,
admin.translations.delete.pending,Deleting…,በመሰረዝ ላይ…,1,dialog,src/features/admin/translations/delete-language-dialog.tsx,160,1,
admin.translations.editor.approve,Approve,አጽድቅ,1,button,src/features/admin/translations/data-scope.tsx,478,2,
admin.translations.editor.clear,Clear,አጽዳ,1,button,src/features/admin/translations/data-scope.tsx,496,2,
admin.translations.editor.contextSave,Save note,ማስታወሻ አስቀምጥ,2,button,src/features/admin/translations/strings-page.tsx,713,1,
admin.translations.editor.restorePlaceholders,Restore placeholders,የቦታ ያዦችን መልስ,2,button,src/features/admin/translations/strings-page.tsx,794,1,
admin.translations.editor.save,Save,አስቀምጥ,1,button,src/features/admin/translations/data-scope.tsx,431,2,
admin.translations.expand,Edit,አርትዕ,1,button,src/features/admin/translations/data-scope.tsx,242,2,
admin.translations.filter.search,Search keys and values,ቁልፎችንና እሴቶችን ፈልግ,4,aria,src/features/admin/translations/strings-page.tsx,345,1,
admin.translations.history.clearInstead,Clear instead,በምትኩ አጽዳ,2,button,src/features/admin/translations/history-drawer.tsx,209,1,
admin.translations.history.open,History,ታሪክ,1,button,src/features/admin/translations/history-drawer.tsx,123,1,
admin.translations.history.restore,Restore this value,ይህን እሴት መልስ,3,button,src/features/admin/translations/history-drawer.tsx,231,1,
admin.translations.order.down,Move {language} down,{language}ን ወደ ታች አንቀሳቅስ,3,aria,src/features/admin/translations/languages-page.tsx,273,1,
admin.translations.order.up,Move {language} up,{language}ን ወደ ላይ አንቀሳቅስ,3,aria,src/features/admin/translations/languages-page.tsx,261,1,
admin.translations.orphaned.chip,Orphaned · {count},ወላጅ አልባ · {count},3,button,src/features/admin/translations/strings-page.tsx,407,1,
admin.translations.pseudo.confirmAction,Generate,አመንጭ,1,dialog,src/features/admin/translations/pseudo-bar.tsx,114,1,
admin.translations.pseudo.confirmCancel,Cancel,ተወው,1,dialog,src/features/admin/translations/pseudo-bar.tsx,107,1,
admin.translations.pseudo.pending,Generating…,በማመንጨት ላይ…,1,button,src/features/admin/translations/pseudo-bar.tsx,89,1,
admin.translations.pseudo.run,Generate pseudo-localization,የውሸት ትርጉም አመንጭ,2,button,src/features/admin/translations/pseudo-bar.tsx,90,1,
admin.translations.stat.approved,Approved overall,በአጠቃላይ የጸደቁ,2,field,src/features/admin/translations/languages-page.tsx,126,1,
admin.translations.stat.languages,Languages enabled,የነቁ ቋንቋዎች,2,field,src/features/admin/translations/languages-page.tsx,120,1,
admin.translations.stat.totalKeys,Keys in the base catalog,በመሠረታዊ ካታሎግ ውስጥ ያሉ ቁልፎች,5,field,src/features/admin/translations/languages-page.tsx,114,1,
admin.translations.switch.admin,Available to staff,ለሠራተኞች ይገኛል,3,aria,src/features/admin/translations/languages-page.tsx,408,1,
admin.translations.switch.public,Published to visitors,ለጎብኚዎች ታትሟል,3,aria,src/features/admin/translations/languages-page.tsx,446,1,
admin.translations.sync.action,Sync keys,ቁልፎችን አመሳስል,2,button,src/features/admin/translations/languages-page.tsx,577,1,
admin.translations.transfer.exportCsv,Export CSV,CSV ላክ,2,button,src/features/admin/translations/transfer-bar.tsx,171,1,
admin.translations.transfer.exportXliff,Export XLIFF,XLIFF ላክ,2,button,src/features/admin/translations/transfer-bar.tsx,184,1,
admin.translations.transfer.exporting,Exporting…,በመላክ ላይ…,1,button,src/features/admin/translations/transfer-bar.tsx,170,2,
admin.translations.transfer.import,Import file,ፋይል አስገባ,2,button,src/features/admin/translations/transfer-bar.tsx,197,1,
admin.translations.transfer.importing,Importing…,በማስገባት ላይ…,1,button,src/features/admin/translations/transfer-bar.tsx,196,1,
admin.translations.transfer.undo,Undo this import,ይህን ማስገባት መልስ,3,button,src/features/admin/translations/transfer-bar.tsx,236,1,
admin.translations.transfer.undoing,Undoing…,በመመለስ ላይ…,1,button,src/features/admin/translations/transfer-bar.tsx,235,1,
admin.translations.translator.save,Save assignment,ምድብ አስቀምጥ,2,button,src/features/admin/translations/translator-card.tsx,164,1,
admin.users.col.country,Country,ሀገር,1,field,src/features/admin/users/user-detail.tsx,137,1,
admin.users.col.email,Email,ኢሜይል,1,field,src/features/admin/users/user-detail.tsx,135,1,
admin.users.detail.alias,Seller alias,የሻጭ ስም,2,field,src/features/admin/users/user-detail.tsx,136,1,
admin.users.detail.joined,Joined,የተቀላቀለበት,1,field,src/features/admin/users/user-detail.tsx,138,1,
admin.users.detail.lastSignIn,Last sign-in,የመጨረሻ መግቢያ,2,field,src/features/admin/users/user-detail.tsx,140,1,
admin.users.edit.alias,Seller alias,የሻጭ ስም,2,field,src/features/admin/users/user-detail.tsx,508,1,
admin.users.edit.aliasReason,Reason for this name,የዚህ ስም ምክንያት,4,field,src/features/admin/users/user-detail.tsx,527,1,
admin.users.edit.country,Home country,የትውልድ ሀገር,2,field,src/features/admin/users/user-detail.tsx,540,1,
admin.users.edit.displayName,Display name,የሚታይ ስም,2,field,src/features/admin/users/user-detail.tsx,495,1,
admin.users.edit.save,Save changes,ለውጦችን አስቀምጥ,2,button,src/features/admin/users/user-detail.tsx,480,1,
admin.users.next,Next,ቀጣይ,1,button,src/features/admin/users/users-list.tsx,263,1,
admin.users.prev,Previous,ቀዳሚ,1,button,src/features/admin/users/users-list.tsx,255,1,
admin.users.roles.assignAction,Assign,መድብ,1,button,src/features/admin/users/user-detail.tsx,334,1,
admin.users.roles.remove,Remove,አስወግድ,1,button,src/features/admin/users/user-detail.tsx,293,1,
admin.users.status.activate,Activate,አንቃ,1,button,src/features/admin/users/user-detail.tsx,250,1,
admin.users.status.deactivate,Deactivate,አቋርጥ,1,button,src/features/admin/users/user-detail.tsx,235,1,
auth.backToSignIn,Back to sign-in,ወደ መግቢያ ተመለስ,3,button,src/routes/auth.tsx,384,4,
auth.continue,Continue,ይቀጥሉ,1,button,src/routes/auth.tsx,402,3,
auth.continueWithGoogle,Continue with Google,በGoogle ይቀጥሉ,3,button,src/routes/auth.tsx,616,1,
auth.createAccount,Create account,አካውንት ይክፈቱ,2,button,src/routes/auth.tsx,599,1,
auth.forgotPassword,Forgot your password?,የይለፍ ቃልዎን ረሱት?,3,button,src/routes/auth.tsx,580,1,
auth.hidePassword,Hide password,የይለፍ ቃሉን ደብቅ,2,button,src/routes/auth.tsx,536,2,
auth.resend,Resend confirmation email,የማረጋገጫ ኢሜይል እንደገና ላክ,3,button,src/routes/auth.tsx,560,1,
auth.resendCooldown,Resend in {s}s,በ{s} ሰከንድ እንደገና ላክ,3,button,src/routes/auth.tsx,374,2,
auth.resetSend,Send reset link,የዳግም ማስጀመሪያ አገናኝ ላክ,3,button,src/routes/auth.tsx,375,1,
auth.resetSubmit,Save new password,አዲሱን የይለፍ ቃል አስቀምጥ,3,button,src/routes/auth_.reset.tsx,182,1,
auth.resetTitle,Reset your password,የይለፍ ቃልዎን ዳግም ያስጀምሩ,3,button,src/routes/auth_.reset.tsx,135,1,
auth.showPassword,Show password,የይለፍ ቃሉን አሳይ,2,button,src/routes/auth.tsx,536,2,
auth.signIn,Sign in,ይግቡ,2,button,src/routes/auth.tsx,470,2,
auth.signInButton,Sign in,ይግቡ,2,button,src/routes/auth.tsx,565,1,
auth.signOut,Sign out,ይውጡ,2,menu,src/components/shell/app-header.tsx,258,4,
auth.signUpButton,Create account,አካውንት ይክፈቱ,2,button,src/routes/auth.tsx,565,1,
auth.telegramSlot,Telegram coming soon,Telegram በቅርቡ ይመጣል,3,button,src/routes/auth.tsx,623,1,
auth.working,Please wait…,እባክዎ ይጠብቁ…,2,button,src/routes/auth.tsx,372,11,
common.cancel,Cancel,ተወው,1,button,src/features/admin-attributes/attribute-dialogs.tsx,131,7,
common.close,Close,ዝጋ,1,button,src/features/admin-categories/category-dialogs.tsx,381,3,
common.dismiss,Dismiss,አሰናብት,1,button,src/components/app-shell.tsx,650,1,
common.retry,Retry,እንደገና ይሞክሩ,1,button,src/components/marketplace/feed.tsx,53,1,
common.save,Save,አስቀምጥ,1,button,src/features/admin-attributes/attribute-dialogs.tsx,141,9,
common.tryAgain,Try again,እንደገና ይሞክሩ,2,button,src/routes/__root.tsx,196,1,
feed.loading,Loading listings…,ማስታወቂያዎች በመጫን ላይ…,2,field,src/components/marketplace/feed.tsx,39,1,
impersonation.endNow,End now,አሁን አቁም,2,button,src/features/admin/impersonation/impersonation-banner.tsx,51,2,
impersonation.reasonLabel,Reason for viewing as this account,እንደዚህ መለያ ለመመልከት ምክንያት,6,field,src/features/admin/impersonation/impersonation-starter.tsx,81,1,
impersonation.start,Start session,ክፍለ ጊዜ ጀምር,2,button,src/features/admin/impersonation/impersonation-starter.tsx,71,1,
language.label,Language,ቋንቋ,1,aria,src/components/language-switcher.tsx,47,1,
location.anyArea,Any area,ማንኛውም አካባቢ,2,menu,src/components/shell/location-selector.tsx,88,1,
mfa.enroll,Set up two-factor,ማረጋገጫውን ያዋቅሩ,3,button,src/routes/settings.tsx,608,1,
mfa.remove,Remove authenticator,የማረጋገጫ መተግበሪያን አስወግድ,2,button,src/routes/settings.tsx,550,1,
mfa.removeConfirmYes,"Yes, remove it",አዎ፣ አስወግደው,3,button,src/routes/settings.tsx,587,1,
mfa.stepUpConfirm,Verify and continue,አረጋግጠው ይቀጥሉ,3,button,src/features/auth/mfa/step-up-gate.tsx,108,1,
mfa.verifyActivate,Verify and enable,አረጋግጠው ያብሩ,3,button,src/routes/settings.tsx,660,1,
nav.postListing,Post listing,ማስታወቂያ ይለጥፉ,2,button,src/features/account/account-overview.tsx,237,1,
nav.profile,Profile,መገለጫ,1,menu,src/components/shell/app-header.tsx,243,1,
nav.signInSecurity,Sign-in and security,መግቢያ እና ደህንነት,3,button,src/features/account/account-overview.tsx,240,1,
panel.myListings,My Listings,የእኔ ማስታወቂያዎች,2,button,src/features/account/account-overview.tsx,221,1,
post.action.back,Back,ተመለስ,1,button,src/features/posting/wizard.tsx,1014,1,
post.action.backToReview,Back to review,ወደ ማጠቃለያው ተመለስ,3,button,src/features/posting/wizard.tsx,1034,1,
post.action.next,Next,ቀጥል,1,button,src/features/posting/wizard.tsx,1060,1,
post.action.retry,Try again,እንደገና ይሞክሩ,2,button,src/features/posting/wizard.tsx,863,1,
post.assist.action,Write for me,ለእኔ ይጻፍልኝ,3,button,src/features/posting/step-details.tsx,395,1,
post.assist.again,Write another version,ሌላ አማራጭ ጻፍ,3,button,src/features/posting/step-details.tsx,396,1,
post.assist.use,Use this one,እሱን ተጠቀም,3,button,src/features/posting/step-details.tsx,367,1,
post.assist.working,Writing…,በመጻፍ ላይ…,1,button,src/features/posting/step-details.tsx,393,1,
post.catalog.moveYes,Move,አዛውር,1,dialog,src/features/posting/category-move-dialog.tsx,54,1,
post.category.allRoots,All categories,ሁሉም ምድቦች,2,button,src/features/posting/step-category.tsx,379,1,
post.category.change,Change,ቀይር,1,button,src/features/posting/wizard.tsx,886,1,
post.category.changedDismiss,Dismiss,ዝጋ,1,button,src/features/posting/wizard.tsx,940,1,
post.category.folder,Open,ክፈት,1,button,src/features/posting/step-category.tsx,427,1,
post.category.keepIt,Keep it,ይህንኑ ያቆዩ,2,button,src/features/posting/step-category.tsx,298,1,
post.category.matchLine,{attribute}: {option},{attribute}፦ {option},2,button,src/features/posting/step-category.tsx,108,1,
post.details.descriptionLabel,Description,መግለጫ,1,field,src/features/posting/step-details.tsx,291,1,
post.details.titleLabel,Title,አርዕስት,1,field,src/features/posting/step-details.tsx,252,1,
post.details.videoLabel,YouTube link,የዩቲዩብ አገናኝ,2,field,src/features/posting/step-photos.tsx,452,1,
post.photos.add,Add photos,ፎቶዎች ጨምር,2,button,src/features/posting/step-photos.tsx,440,1,
post.photos.makeCover,Make cover,ሽፋን አድርግ,2,button,src/features/posting/step-photos.tsx,372,1,
post.photos.remove,Remove,አስወግድ,1,button,src/features/posting/step-photos.tsx,381,1,
post.photos.retry,Send again,እንደገና ላክ,2,button,src/features/posting/step-photos.tsx,361,1,
post.pin.cancel,Cancel,ተው,1,button,src/features/posting/map/map-pin-dropper.tsx,549,1,
post.pin.layerSatellite,Satellite,ሳተላይት,1,button,src/features/posting/map/map-pin-dropper.tsx,422,1,
post.pin.layerStreet,Streets,መንገዶች,1,button,src/features/posting/map/map-pin-dropper.tsx,413,1,
post.pin.remove,Remove pin,ምልክቱን አስወግድ,2,button,src/features/posting/step-where.tsx,1629,1,
post.pin.saveLocation,Save location,ቦታውን አስቀምጥ,2,button,src/features/posting/map/map-pin-dropper.tsx,539,1,
post.pin.saving,Saving…,በማስቀመጥ ላይ…,1,button,src/features/posting/map/map-pin-dropper.tsx,539,1,
post.preview.close,Close preview,ቅድመ-እይታን ዝጋ,2,button,src/features/posting/preview/preview-sheet.tsx,63,1,
post.price.commissionLabel,Commission (%),ኮሚሽን (%),2,field,src/features/posting/step-pricing.tsx,618,1,
post.price.currencyLabel,Currency,ገንዘብ,1,field,src/features/posting/step-pricing.tsx,449,1,
post.price.moreCurrencies,More currencies…,ተጨማሪ ገንዘቦች…,2,button,src/features/posting/step-pricing.tsx,540,1,
post.price.periodLabel,Per,በ,1,field,src/features/posting/step-pricing.tsx,661,1,
post.progress.label,Your progress,እድገትዎ,2,aria,src/features/posting/wizard.tsx,694,2,
post.refusalSummary.elsewhere,Fix {step}: {label},{step} ያስተካክሉ፦ {label},3,button,src/features/posting/field.tsx,359,1,
post.review.edit,Edit,አስተካክል,1,button,src/features/posting/step-review.tsx,446,1,
post.review.fixStep,Open step {step},ደረጃ {step} ይክፈቱ,3,button,src/features/posting/step-review.tsx,623,1,
post.review.previewAsBuyer,Preview as buyer,ገዢዎች እንደሚያዩት ይመልከቱ,3,button,src/features/posting/step-review.tsx,486,1,
post.review.publish,Publish,አውጣ,1,button,src/features/posting/step-review.tsx,658,1,
post.review.publishing,Publishing…,በማውጣት ላይ…,1,button,src/features/posting/step-review.tsx,658,1,
post.review.takeDownOn,Take it down on,የሚነሳበት ቀን,4,field,src/features/posting/step-review.tsx,570,1,
post.specs.choose,Choose,ይምረጡ,1,button,src/features/posting/step-specifications.tsx,1619,1,
post.specs.helpMore,More about this detail,ስለዚህ ዝርዝር ተጨማሪ,4,aria,src/features/posting/step-specifications.tsx,1766,1,
post.specs.helpMoreMark,(i),(i),1,button,src/features/posting/step-specifications.tsx,1780,1,bracket
post.specs.optionsLoading,Loading choices…,ምርጫዎቹ በመጫን ላይ…,2,button,src/features/posting/step-specifications.tsx,1619,1,
post.specs.resetUndo,Undo,ቀልብስ,1,button,src/features/posting/step-specifications.tsx,1899,2,
post.specs.useModelValue,Use model's value,የሞዴሉን ዋጋ ይጠቀሙ,3,button,src/features/posting/step-specifications.tsx,1738,1,
post.where.addCity,Add city,ከተማ ጨምር,2,button,src/features/posting/step-where.tsx,602,1,
post.where.addCountry,Add country,አገር ጨምር,2,button,src/features/posting/step-where.tsx,1454,1,
post.where.addRegion,Add region,ክልል ጨምር,2,button,src/features/posting/step-where.tsx,294,1,
post.where.addSubCity,Add sub-city,ንዑስ ከተማ ጨምር,2,button,src/features/posting/step-where.tsx,582,1,
post.where.removePlace,Remove,አንሳ,1,button,src/features/posting/step-where.tsx,325,2,
post.who.addPhone2,Add another phone,ሌላ ስልክ ጨምር,3,button,src/features/posting/step-who.tsx,961,1,
post.who.countryChange,Change,ቀይር,1,button,src/features/posting/step-who.tsx,1105,1,
post.who.countryConfirm,Confirm this country,ይህን አገር ያረጋግጡ,3,button,src/features/posting/step-who.tsx,1115,1,
post.who.countryConfirmGo,Go back,ተመለስ,2,button,src/features/posting/step-who.tsx,1141,1,
post.who.countryConfirmYes,Confirm,አረጋግጥ,1,button,src/features/posting/step-who.tsx,1133,1,
post.who.edit,Change these,እነዚህን ይቀይሩ,2,button,src/features/posting/step-who.tsx,652,1,
post.who.phoneLibRetry,Try again,እንደገና ይሞክሩ,2,button,src/features/posting/step-who.tsx,935,2,
prim.table.actions,Actions,እርምጃዎች,1,button,src/routes/dev.primitives.tsx,418,2,
prim.table.next,Next,ቀጣይ,1,button,src/components/shell/data-table.tsx,220,1,
prim.table.previous,Previous,ቀዳሚ,1,button,src/components/shell/data-table.tsx,210,1,
session.staySignedIn,Stay signed in,ገብቼ ልቆይ,3,button,src/components/app-shell.tsx,631,1,
settings.cancel,Cancel,ይቅር,1,button,src/features/auth/mfa/step-up-gate.tsx,133,5,
settings.changeEmail,Change email,ኢሜይል ይቀይሩ,2,button,src/routes/settings.tsx,752,1,
settings.changePassword,Change password,የይለፍ ቃል ይቀይሩ,2,button,src/routes/settings.tsx,729,1,
settings.linkGoogle,Link Google,ጉግልን ያገናኙ,2,button,src/routes/settings.tsx,484,1,
settings.navLabel,Settings,ቅንብሮች,1,menu,src/components/shell/app-header.tsx,249,1,
settings.removePassword,Remove password,የይለፍ ቃል አስወግድ,2,button,src/routes/settings.tsx,441,1,
settings.removePasswordConfirmYes,"Yes, remove",አዎ፣ አስወግድ,2,button,src/routes/settings.tsx,460,1,
settings.signOutOthers,Sign out others,ከሌሎች መሣሪያዎች ይውጡ,3,button,src/routes/settings.tsx,787,1,
settings.signOutOthersConfirmYes,"Yes, sign out",አዎ፣ ያስወጣቸው,3,button,src/routes/settings.tsx,766,1,
settings.unlink,Unlink,ያላቅቁ,1,button,src/routes/settings.tsx,395,1,
shell.accountMenu,Account menu,የአካውንት ዝርዝር,2,button,src/components/shell/app-header.tsx,231,2,
shell.openMenu,Open menu,ዝርዝሩን ክፈት,2,aria,src/components/shell/app-header.tsx,112,1,
shell.searchClose,Close search,ፍለጋን ዝጋ,2,aria,src/components/shell/app-header.tsx,74,1,
shell.searchLabel,Search listings,ማስታወቂያዎችን ይፈልጉ,2,aria,src/components/shell/app-header.tsx,204,1,
shell.switchPanel,Switch section,ክፍል ቀይር,2,aria,src/components/shell/panel-header.tsx,56,1,
shell.themeToggle,Switch light or dark theme,ብሩህ ወይም ጨለማ ገጽታ ቀይር,5,aria,src/components/shell/theme-toggle.tsx,16,1,
