name_en,name_am,kind,country,handles,source,exact_only,name_am_source
Commercial Bank of Ethiopia,የኢትዮጵያ ንግድ ባንክ,bank,Ethiopia,commercial_bank_of_ethiopia|commercial_bank_ethiopia|cbe|cbe_bank|cbe_ethiopia|combanketh|ethiopia_nigd_bank|nigd_bank|cbe_noor|cbenoor,https://nbe.gov.et/financial-institutions/banks/page/6/,,page
Development Bank of Ethiopia,የኢትዮጵያ ልማት ባንክ,bank,Ethiopia,development_bank_of_ethiopia|development_bank_ethiopia|dbe|dbe_bank|dbe_ethiopia|ethiopia_limat_bank|limat_bank,https://nbe.gov.et/financial-institutions/banks/page/6/,,page
Awash Bank,አዋሽ ባንክ,bank,Ethiopia,awash_bank|awash|awashbank|awash_international_bank|awash_bank_sc,https://nbe.gov.et/financial-institutions/banks/page/5/,awash,page
Dashen Bank,ዳሸን ባንክ,bank,Ethiopia,dashen_bank|dashen|dashenbank|dashen_bank_sc|dashen_bank_super_app,https://nbe.gov.et/financial-institutions/banks/page/5/,dashen,page
Bank of Abyssinia,አቢሲንያ ባንክ,bank,Ethiopia,bank_of_abyssinia|abyssinia_bank|bankofabyssinia|boa|boa_bank|boa_ethiopia|abysinia_bank|abyssinia_bank_sc,https://nbe.gov.et/financial-institutions/banks/page/5/,,page
Wegagen Bank,ወጋገን ባንክ,bank,Ethiopia,wegagen_bank|wegagen|wegagenbank|wogagen_bank|wegagen_bank_sc,https://nbe.gov.et/financial-institutions/banks/page/5/,wegagen,rendered
Hibret Bank,ሕብረት ባንክ,bank,Ethiopia,hibret_bank|hibretbank|hibret_bank_sc|united_bank|united_bank_sc|united_bank_ethiopia|hibrat_bank,https://nbe.gov.et/financial-institutions/banks/page/5/,,rendered
Nib International Bank,ንብ ኢንተርናሽናል ባንክ,bank,Ethiopia,nib_international_bank|nib_bank|nibbank|nib_int_bank|nib_international_bank_sc|nib_bank_sc,https://nbe.gov.et/financial-institutions/banks/page/5/,,page
Cooperative Bank of Oromia,የኦሮሚያ ኅብረት ሥራ ባንክ,bank,Ethiopia,cooperative_bank_of_oromia|cooperative_bank_oromia|coopbank|coop_bank|coopbank_oromia|oromia_cooperative_bank|cbo|cbo_bank|coopbank_alhuda,https://nbe.gov.et/financial-institutions/banks/page/4/,,page
Anbesa Bank,አንበሳ ባንክ,bank,Ethiopia,anbesa_bank|anbesabank|anbessa_bank|anbesa_international_bank|lion_bank|lion_international_bank|lion_bank_sc|lib_bank,https://nbe.gov.et/financial-institutions/banks/page/4/,,page
Oromia Bank,ኦሮሚያ ባንክ,bank,Ethiopia,oromia_bank|oromiabank|oromia_international_bank|oromia_bank_sc|oib|oib_bank|oroodigital,https://nbe.gov.et/financial-institutions/banks/page/4/,,page
Zemen Bank,ዘመን ባንክ,bank,Ethiopia,zemen_bank|zemenbank|zemen_bank_sc,https://nbe.gov.et/financial-institutions/banks/page/4/,,page
Bunna Bank,ቡና ባንክ,bank,Ethiopia,bunna_bank|bunnabank|bunna_international_bank|bunna_bank_sc|buna_bank,https://nbe.gov.et/financial-institutions/banks/page/4/,,page
Berhan Bank,ብርሃን ባንክ,bank,Ethiopia,berhan_bank|berhanbank|berhan_international_bank|berhan_bank_sc|birhan_bank,https://nbe.gov.et/financial-institutions/banks/page/4/,,page
Abay Bank,ዓባይ ባንክ,bank,Ethiopia,abay_bank|abaybank|abay_bank_sc|abbay_bank,https://nbe.gov.et/financial-institutions/banks/page/3/,,page
Addis Bank,አዲስ ባንክ,bank,Ethiopia,addis_bank|addisbank|addis_international_bank|addis_bank_sc,https://nbe.gov.et/financial-institutions/banks/page/3/,,rendered
Enat Bank,እናት ባንክ,bank,Ethiopia,enat_bank|enatbank|enat_bank_sc,https://nbe.gov.et/financial-institutions/banks/page/3/,,page
Global Bank Ethiopia,ግሎባል ባንክ ኢትዮጵያ,bank,Ethiopia,global_bank_ethiopia|global_bank|globalbank|global_bank_sc|globalbankethiopia|debub_global_bank|dgb|dgb_bank,https://nbe.gov.et/financial-institutions/banks/page/3/,,page
ZamZam Bank,ዘምዘም ባንክ,bank,Ethiopia,zamzam_bank|zamzambank|zam_zam_bank|zemzem_bank|zamzam_bank_sc,https://nbe.gov.et/financial-institutions/banks/page/3/,,rendered
Shabelle Bank,ሸበሌ ባንክ,bank,Ethiopia,shabelle_bank|shabellebank|shebelle_bank|shebele_bank|shabele_bank|shabelle_bank_sc|somali_microfinance|h_cash|hcash,https://nbe.gov.et/financial-institutions/banks/page/3/,,rendered
Goh Betoch Bank,ጎሕ ቤቶች ባንክ,bank,Ethiopia,goh_betoch_bank|goh_betoch|gohbetoch|gohbetochbank|goh_bank|gohbetbank|goh_betoch_bank_sc,https://nbe.gov.et/financial-institutions/banks/page/2/,,page
Hijra Bank,ሂጅራ ባንክ,bank,Ethiopia,hijra_bank|hijrabank|hijra_bank_sc|hijira_bank|halalpay,https://nbe.gov.et/financial-institutions/banks/page/2/,,page
Ahadu Bank,አሐዱ ባንክ,bank,Ethiopia,ahadu_bank|ahadubank|ahadu_bank_sc,https://nbe.gov.et/financial-institutions/banks/page/2/,,page
Siinqee Bank,ሲንቄ ባንክ,bank,Ethiopia,siinqee_bank|siinqee|siinqeebank|sinqee_bank|sinqe_bank|siinqee_bank_sc|oromia_credit_and_saving|ocssco,https://nbe.gov.et/financial-institutions/banks/page/2/,,rendered
Tsedey Bank,ፀደይ ባንክ,bank,Ethiopia,tsedey_bank|tsedeybank|tsedey_bank_sc|tsedei_bank|amhara_credit_and_saving_institution|acsi,https://nbe.gov.et/financial-institutions/banks/page/2/,,rendered
Tsehay Bank,ፀሐይ ባንክ,bank,Ethiopia,tsehay_bank|tsehaybank|tsehay_bank_sc|tsehai_bank,https://nbe.gov.et/financial-institutions/banks/page/2/,,page
Amhara Bank,አማራ ባንክ,bank,Ethiopia,amhara_bank|amharabank|amhara_bank_sc,https://nbe.gov.et/financial-institutions/banks/,,page
Gadaa Bank,ገዳ ባንክ,bank,Ethiopia,gadaa_bank|gadaabank|gada_bank|gadaa_bank_sc,https://nbe.gov.et/financial-institutions/banks/,,page
Omo Bank,ኦሞ ባንክ,bank,Ethiopia,omo_bank|omobank|omo_bank_sc|omo_microfinance,https://nbe.gov.et/financial-institutions/banks/,,page
Sidama Bank,ሲዳማ ባንክ,bank,Ethiopia,sidama_bank|sidamabank|sidama_bank_sc|sidama_microfinance,https://nbe.gov.et/financial-institutions/banks/,,page
Rammis Bank,ራሚስ ባንክ,bank,Ethiopia,rammis_bank|rammis|rammisbank|ramis_bank|rammis_bank_sc,https://nbe.gov.et/financial-institutions/banks/,,page
Siket Bank,ስኬት ባንክ,bank,Ethiopia,siket_bank|siketbank|siket_bank_sc|sket_bank|addis_credit_and_saving_institution|adcsi,https://nbe.gov.et/financial-institutions/banks/,,rendered
Ethiopian Insurance Corporation,የኢትዮጵያ መድን ድርጅት,insurer,Ethiopia,ethiopian_insurance_corporation|ethiopian_insurance|eic|eic_ethiopia|eic_insurance|medin_dirijit|ethiopia_medin_dirijit,https://nbe.gov.et/financial-institutions/insurers/page/3/,,page
National Insurance Company of Ethiopia,ብሔራዊ የኢትዮጵያ ኢንሹራንስ ኩባንያ,insurer,Ethiopia,national_insurance_company_of_ethiopia|national_insurance_company|national_insurance_ethiopia|nice_insurance|nice_ethiopia,https://nbe.gov.et/financial-institutions/insurers/page/3/,,rendered
Awash Insurance,አዋሽ ኢንሹራንስ,insurer,Ethiopia,awash_insurance|awashinsurance|awash_insurance_company|awash_insurance_sc,https://nbe.gov.et/financial-institutions/insurers/page/3/,,rendered
Africa Insurance Company,አፍሪካ ኢንሹራንስ,insurer,Ethiopia,africa_insurance|africainsurance|africa_insurance_company|africa_insurance_sc,https://nbe.gov.et/financial-institutions/insurers/page/3/,,rendered
Nyala Insurance,ኒያላ ኢንሹራንስ,insurer,Ethiopia,nyala_insurance|nyalainsurance|nyala_insurance_sc|nisco|nisco_insurance,https://nbe.gov.et/financial-institutions/insurers/page/3/,,page
Nile Insurance Company,ናይል ኢንሹራንስ,insurer,Ethiopia,nile_insurance|nileinsurance|nile_insurance_company|nile_insurance_sc,https://nbe.gov.et/financial-institutions/insurers/page/3/,,rendered
Global Insurance Company,ግሎባል ኢንሹራንስ ኩባንያ,insurer,Ethiopia,global_insurance|globalinsurance|global_insurance_company|global_insurance_sc|gic_insurance,https://nbe.gov.et/financial-institutions/insurers/page/2/,,page
United Insurance Company,ሕብረት ኢንሹራንስ,insurer,Ethiopia,united_insurance|united_insurance_company|united_insurance_sc|unic|unic_ethiopia|unic_insurance|hibret_insurance,https://nbe.gov.et/financial-institutions/insurers/page/2/,,rendered
Nib Insurance Company,ንብ ኢንሹራንስ,insurer,Ethiopia,nib_insurance|nibinsurance|nib_insurance_company|nib_insurance_sc,https://nbe.gov.et/financial-institutions/insurers/page/2/,,rendered
Lion Insurance Company,አንበሳ ኢንሹራንስ,insurer,Ethiopia,lion_insurance|lioninsurance|lion_insurance_company|lion_insurance_sc|anbessa_insurance|anbesa_insurance,https://nbe.gov.et/financial-institutions/insurers/page/2/,,rendered
Ethio-Life & General Insurance,ኢትዮ ላይፍ ኤንድ ጄኔራል ኢንሹራንስ,insurer,Ethiopia,ethio_life_and_general_insurance|ethio_life_general_insurance|ethio_life_insurance|ethio_life|ethiolife|ethiolife_insurance|elig,https://nbe.gov.et/financial-institutions/insurers/page/2/,,rendered
Oromia Insurance,ኦሮሚያ ኢንሹራንስ,insurer,Ethiopia,oromia_insurance|oromiainsurance|oromia_insurance_company|oromia_insurance_sc|oic_insurance,https://nbe.gov.et/financial-institutions/insurers/page/2/,,rendered
Abay Insurance,ዓባይ ኢንሹራንስ,insurer,Ethiopia,abay_insurance|abayinsurance|abay_insurance_sc|abbay_insurance,https://nbe.gov.et/financial-institutions/insurers/,,page
Berhan Insurance,ብርሃን ኢንሹራንስ,insurer,Ethiopia,berhan_insurance|berhaninsurance|berhan_insurance_sc|birhan_insurance,https://nbe.gov.et/financial-institutions/insurers/,,rendered
Tsehay Insurance,ፀሐይ ኢንሹራንስ,insurer,Ethiopia,tsehay_insurance|tsehayinsurance|tsehay_insurance_sc|tsehai_insurance,https://nbe.gov.et/financial-institutions/insurers/,,page
Lucy Insurance,ሉሲ ኢንሹራንስ,insurer,Ethiopia,lucy_insurance|lucyinsurance|lucy_insurance_sc,https://nbe.gov.et/financial-institutions/insurers/,,rendered
Bunna Insurance,ቡና ኢንሹራንስ,insurer,Ethiopia,bunna_insurance|bunnainsurance|bunna_insurance_sc|buna_insurance,https://nbe.gov.et/financial-institutions/insurers/,,page
Zemen Insurance,ዘመን ኢንሹራንስ,insurer,Ethiopia,zemen_insurance|zemeninsurance|zemen_insurance_sc,https://nbe.gov.et/financial-institutions/insurers/,,rendered
Ethiopian Reinsurance Share Company,የኢትዮጵያ ጠለፋ መድን,insurer,Ethiopia,ethiopian_reinsurance|ethiopianreinsurance|ethiopian_reinsurance_sc|ethiopian_re|ethiopianre|ethio_re|ethiore,https://www.ethiopianre.com/,,page
Ethio telecom,ኢትዮ ቴሌኮም,telecom,Ethiopia,ethio_telecom|ethiotelecom|ethio_tele|ethiotel|ethio_tel|ethiopian_telecom|ethiopian_telecommunications_corporation|ethio_telecom_sc|zemen_gebeya|zemengebeya,https://www.ethiotelecom.et/,,rendered
Safaricom Ethiopia,ሳፋሪኮም ኢትዮጵያ,telecom,Ethiopia,safaricom_ethiopia|safaricom|safaricomethiopia|safaricom_et|safaricom_ethiopia_plc|safaricom_telecommunications_ethiopia,https://www.safaricom.et/,,rendered
telebirr,ቴሌብር,mobile money,Ethiopia,telebirr|tele_birr|telebir|telebirr_superapp|telebirr_super_app|ethio_telecom_telebirr,https://nbe.gov.et/payment-instrument-issuers-system-operators/,,rendered
M-PESA,ኤም-ፔሳ,mobile money,Ethiopia,mpesa|m_pesa|mpesa_ethiopia|m_pesa_ethiopia|safaricom_mpesa|safaricom_m_pesa|mpesa_safaricom|safari_mpesa|safaricom_m_pesa_mobile_financial_services,https://nbe.gov.et/payment-instrument-issuers-system-operators/,,rendered
Kacha Digital Financial Services,ካቻ,mobile money,Ethiopia,kacha|kacha_digital|kacha_digital_financial_services|kacha_wallet|kacha_dfs|kachadfs,https://nbe.gov.et/payment-instrument-issuers-system-operators/,,rendered
Yaya Payment Instrument Issuer,ያያ ዋሌት,mobile money,Ethiopia,yaya_wallet|yayawallet|yaya_pay|yayapay|yaya_payment|yaya_payment_instrument_issuer,https://nbe.gov.et/payment-instrument-issuers-system-operators/,,rendered
ToloPay Financial Technology,ቶሎፔይ,mobile money,Ethiopia,tolopay|tolo_pay|tollo_pay|tollopay|tolopay_financial_technology,https://nbe.gov.et/payment-instrument-issuers-system-operators/,,rendered
Vitabirr Financial Services,ቪታብር,mobile money,Ethiopia,vitabirr|vita_birr|vitabirr_financial_services,https://nbe.gov.et/payment-instrument-issuers-system-operators/,,rendered
EthSwitch,ኢትስዊች,mobile money,Ethiopia,ethswitch|eth_switch|ethswitch_sc|ethiopay|ethio_pay|ethswitch_ethiopay,https://nbe.gov.et/payment-instrument-issuers-system-operators/,,page
Premier Switch Solution,ፕሪሚየር ስዊች ሶሉሽንስ,mobile money,Ethiopia,premier_switch_solution|premier_switch_solutions|premier_switch|pss_ethiopia|pss_switch,https://nbe.gov.et/payment-instrument-issuers-system-operators/,,rendered
Arifpay Financial Technologies,አሪፍፔይ,mobile money,Ethiopia,arifpay|arif_pay|arifpay_financial_technologies|arif_pay_financial_technology,https://nbe.gov.et/payment-instrument-issuers-system-operators/,,rendered
Chapa Financial Technologies,ቻፓ,mobile money,Ethiopia,chapa|chapa_pay|chapapay|chapa_financial_technology|chapa_financial_technologies|chapa_co,https://nbe.gov.et/payment-instrument-issuers-system-operators/,,rendered
Santim Pay Financial Technology,ሳንቲምፔይ,mobile money,Ethiopia,santimpay|santim_pay|santimpay_financial_technology|santim_pay_financial_technology,https://nbe.gov.et/payment-instrument-issuers-system-operators/,,rendered
Addis Pay Financial Technology,አዲስፔይ,mobile money,Ethiopia,addispay|addis_pay|addispay_financial_technology|addis_pay_financial_technology,https://nbe.gov.et/payment-instrument-issuers-system-operators/,,rendered
Yagout Pay Financial Technology,ያጉት ፔይ,mobile money,Ethiopia,yagoutpay|yagout_pay|yagutpay|yagut_pay|yagout_pay_financial_technology,https://nbe.gov.et/payment-instrument-issuers-system-operators/,,rendered
Fenanpay Solutions,ፈናንፔይ,mobile money,Ethiopia,fenanpay|fenan_pay|fenanpay_solutions,https://nbe.gov.et/payment-instrument-issuers-system-operators/,,rendered
PawaPay Digital Financial Services,ፓዋፔይ,mobile money,Ethiopia,pawapay|pawa_pay|pawapay_ethiopia|pawapay_digital_financial_services,https://nbe.gov.et/payment-instrument-issuers-system-operators/,,rendered
Cashflow Financial Technologies,ካሽፍሎው ፋይናንሻል ቴክኖሎጂስ,mobile money,Ethiopia,cashflow_financial_technologies|cashflow_financial_technology|cashflow_fintech|cashflow_pay,https://nbe.gov.et/payment-instrument-issuers-system-operators/,,rendered
LakiPay Financial Technologies,ላኪፔይ,mobile money,Ethiopia,lakipay|laki_pay|lakipay_financial_technologies,https://nbe.gov.et/payment-instrument-issuers-system-operators/,,rendered
StarPay Financial Service,ስታርፔይ,mobile money,Ethiopia,starpay|star_pay|starpay_financial_service|starpay_financial_services|starpay_financial_technologies,https://nbe.gov.et/payment-instrument-issuers-system-operators/,,rendered
BirrLink Financial Technologies,ብርሊንክ,mobile money,Ethiopia,birrlink|birr_link|birrlink_financial_technologies|birrlink_remittance|birrlink_remit,https://nbe.gov.et/payment-instrument-issuers-system-operators/,,rendered
KisPay Financial Solutions,ኪስፔይ,mobile money,Ethiopia,kispay|kis_pay|kispay_financial_solutions,https://nbe.gov.et/payment-instrument-issuers-system-operators/,,rendered
Timeless Pay Tech Solutions,ታይምለስ ፔይ,mobile money,Ethiopia,timeless_pay|timelesspay|timeless_pay_tech_solutions,https://nbe.gov.et/payment-instrument-issuers-system-operators/,,rendered
AfroPay Digital Financial Technology,አፍሮፔይ,mobile money,Ethiopia,afropay|afro_pay|afropay_digital_financial_technology,https://nbe.gov.et/payment-instrument-issuers-system-operators/,,rendered
Beqelal Financial Technology,በቀላል ፋይናንሻል ቴክኖሎጂ,mobile money,Ethiopia,beqelal_financial_technology|beqelal_pay|beqelalpay|beqelal_fintech,https://nbe.gov.et/payment-instrument-issuers-system-operators/,,rendered
EPay Financial Services,ኢፔይ ፋይናንሻል ሰርቪስስ,mobile money,Ethiopia,epay_financial_services|epay_ethiopia|epay_et,https://nbe.gov.et/payment-instrument-issuers-system-operators/,,rendered
FinPay Digital Financial Solution,ፊንፔይ,mobile money,Ethiopia,finpay|fin_pay|finpay_digital_financial_solution|finpay_ethiopia,https://nbe.gov.et/payment-instrument-issuers-system-operators/,,rendered
AdmasPay Financial Technology,አድማስፔይ,mobile money,Ethiopia,admaspay|admas_pay|admaspay_financial_technology,https://nbe.gov.et/payment-instrument-issuers-system-operators/,,rendered
CBE Birr,ሲቢኢ ብር,mobile money,Ethiopia,cbe_birr|cbebirr|cbe_birr_wallet|cbe_birr_plus,https://www.combanketh.et/,,rendered
Amole,አሞሌ,mobile money,Ethiopia,amole|amole_wallet|amole_digital_wallet|amole_dashen|dashen_amole,https://african.business/2021/07/finance-services/amole-driving-a-cashless-society-in-ethiopia,,rendered
HelloCash,ሄሎካሽ,mobile money,Ethiopia,hellocash|hello_cash|hellocash_ethiopia|belcash|bel_cash,https://developingtelecoms.com/telecom-technology/financial-services/5710-hellocash-launches-in-ethiopia.html,,rendered
eBirr,ኢብር,mobile money,Ethiopia,ebirr|e_birr|ebirr_wallet|ebirr_ethiopia,https://www.ebirr.com/,,rendered
COOPay-Ebirr,ኩፔይ ኢብር,mobile money,Ethiopia,coopay_ebirr|coopayebirr|coopay|coopay_e_birr|coop_ebirr,https://coopbankoromia.com.et/,,rendered
AwashBIRR-Pro,አዋሽ ብር,mobile money,Ethiopia,awashbirr|awash_birr|awashbirr_pro|awash_birr_pro|awash_mobile_wallet,https://www.awashbank.com/,,rendered
Ethiopian Airlines,የኢትዮጵያ አየር መንገድ,airline,Ethiopia,ethiopian_airlines|ethiopianairlines|ethiopian_airlines_group|ethiopian_air_lines|ethiopian_airline|fly_ethiopian|flyethiopian|eal|et_airlines|ethiopia_ayer_menged|yeityopia_ayer_menged|ethiopian_mro|ethiopian_ground_services|ethiopian_airports|sheba_duty_free,https://www.ethiopianairlines.com/et,,page
ShebaMiles,ሼባ ማይልስ,airline,Ethiopia,shebamiles|sheba_miles|ethiopian_shebamiles|shebamiles_ethiopian,https://corporate.ethiopianairlines.com/News/ethiopian-colourfully-celebrates-20th-anniversary-of-shebamiles,,rendered
Ethiopian Holidays,የኢትዮጵያ ሆሊደይስ,airline,Ethiopia,ethiopian_holidays|ethiopianholidays|et_holidays|etholidays,https://www.ethiopianholidays.com/,,rendered
Ethiopian Skylight Hotel,የኢትዮጵያ ስካይላይት ሆቴል,airline,Ethiopia,ethiopian_skylight_hotel|ethiopian_skylight|skylight_hotel|skylight_hotel_addis,https://shebamiles.ethiopianairlines.com/partners/hotel/ethiopian-skylight-hotel,,rendered
Ethiopian Cargo & Logistics Services,የኢትዮጵያ ካርጎና ሎጂስቲክስ አገልግሎት,airline,Ethiopia,ethiopian_cargo|ethiopian_cargo_and_logistics_services|ethiopian_cargo_and_logistics|ethiopian_airlines_cargo|et_cargo|ethiopian_cargo_and_logistics_service,https://www.ethiopianairlines.com/et,,rendered
Ethiopian Aviation University,የኢትዮጵያ አቪዬሽን ዩኒቨርሲቲ,airline,Ethiopia,ethiopian_aviation_university|ethiopian_aviation_academy|ethiopian_airlines_aviation_university|ethiopian_airlines_aviation_academy,https://www.ethiopianairlines.com/et,,rendered
Ethiopian Electric Power,የኢትዮጵያ ኤሌክትሪክ ኃይል,utility,Ethiopia,ethiopian_electric_power|eep|eep_ethiopia|ethiopian_electric_power_corporation|eepco|eelpa|ethiopia_electric_hail|ethiopia_electric_hayl,https://www.eep.com.et/,,page
Ethiopian Electric Utility,የኢትዮጵያ ኤሌክትሪክ አገልግሎት,utility,Ethiopia,ethiopian_electric_utility|eeu|eeu_ethiopia|ethiopian_electric_service|mebrat_hail|mebrat_hayl|ethiopia_mebrat_hail|ethiopia_electric_agelglot,https://www.eeu.gov.et/,,rendered
Addis Ababa Water and Sewerage Authority,የአዲስ አበባ ውሀና ፍሳሽ ባለስልጣን,utility,Ethiopia,addis_ababa_water_and_sewerage_authority|aawsa|addis_ababa_water_and_sewerage|addis_abeba_water_and_sewerage_authority|addis_ababa_water|addis_ababa_wuha_ena_fisash|wuha_ena_fisash|wuha_fisash,https://www.aawsa.gov.et/,,page
Ethiopost (Ethiopian Postal Service),የኢትዮጵያ ፖስታ አገልግሎት,utility,Ethiopia,ethiopost|ethio_post|ethiopian_postal_service|ethiopian_postal_service_enterprise|ethiopia_post|ethiopian_post|ethio_posta|ethiopia_posta|posta_bet|ems_ethiopia|post_gebeya|postgebeya,https://ethio.post/about/,,page
Ethiopian Petroleum Supply Enterprise,የኢትዮጵያ ነዳጅ አቅራቢ ድርጅት,utility,Ethiopia,ethiopian_petroleum_supply_enterprise|epse|epse_ethiopia|ethiopian_petroleum_enterprise|ethiopian_petroleum|ethiopia_nedaj_akrabi|nedaj_akrabi_dirijit,https://epse.gov.et/,,rendered
Ethiopian Shipping and Logistics,የኢትዮጵያ የባሕር ትራንስፖርትና ሎጂስቲክስ,utility,Ethiopia,ethiopian_shipping_and_logistics|esl|esl_ethiopia|ethiopian_shipping_and_logistics_services_enterprise|eslse|ethiopian_shipping_lines|ethiopian_shipping|ethiopia_bahir_transport,https://esl.et/,,rendered
Ethiopian Railways Corporation,የኢትዮጵያ ምድር ባቡር ኮርፖሬሽን,utility,Ethiopia,ethiopian_railways_corporation|ethiopian_railway_corporation|erc|erc_ethiopia|ethiopian_railways|ethiopian_railway|ethiopia_midir_babur|midir_babur,https://www.erc.gov.et/,,rendered
Ethio-Djibouti Standard Gauge Railway Share Company,የኢትዮ-ጅቡቲ ምድር ባቡር አክሲዮን ማኅበር,utility,Ethiopia,ethio_djibouti_railway|ethio_djibouti_standard_gauge_railway|ethio_djibouti_standard_gauge_railway_share_company|edr|edr_ethiopia|ethio_djibouti_railways|addis_djibouti_railway|ethio_djibouti_midir_babur|ethio_djibouti_babur,https://en.wikipedia.org/wiki/Addis_Ababa%E2%80%93Djibouti_Railway,,rendered
Ethiopian Toll Roads Enterprise,የኢትዮጵያ የክፍያ መንገዶች ኢንተርፕራይዝ,utility,Ethiopia,ethiopian_toll_roads_enterprise|ethiopian_toll_roads|ethiopian_toll_road_enterprise|ethiopian_toll_road|etre|etre_ethiopia|addis_adama_expressway|yekifya_mengedoch_enterprise,https://addisfortune.news/?p=15747,,rendered
Anbessa City Bus Service Enterprise,አንበሳ የከተማ አውቶቡስ አገልግሎት ድርጅት,utility,Ethiopia,anbessa_city_bus_service_enterprise|anbessa_city_bus|anbessa_bus|anbessa_autobus|acbse|anbesa_city_bus|anbesa_bus|addis_ababa_city_bus|addis_ababa_city_bus_service_enterprise,https://en.wikipedia.org/wiki/Anbessa_City_Bus_Service_Enterprise,,rendered
Sheger Mass Transportation Services Enterprise,ሸገር የብዙኃን ትራንስፖርት አገልግሎት ድርጅት,utility,Ethiopia,sheger_mass_transportation_services_enterprise|sheger_mass_transport_service_enterprise|sheger_mass_transport|sheger_bus|sheger_city_bus|sheger_autobus|sheger_yebizuhan_transport,https://addisfortune.news/?p=25160,,rendered
Addis Ababa Light Rail,የአዲስ አበባ ቀላል ባቡር,utility,Ethiopia,addis_ababa_light_rail|addis_ababa_light_rail_transit|addis_ababa_light_rail_transit_service|aalrt|aa_lrt|addis_ababa_lrt|addis_light_rail|addis_ababa_kelal_babur|kelal_babur,https://en.wikipedia.org/wiki/Addis_Ababa_Light_Rail,,page
National Bank of Ethiopia,የኢትዮጵያ ብሔራዊ ባንክ,government body,Ethiopia,national_bank_of_ethiopia|national_bank_ethiopia|nbe|nbe_ethiopia|ethiopia_national_bank|biherawi_bank|ethiopia_biherawi_bank,https://nbe.gov.et/,,page
Government of the Federal Democratic Republic of Ethiopia,የኢትዮጵያ ፌዴራላዊ ዲሞክራሲያዊ ሪፐብሊክ መንግሥት,government body,Ethiopia,federal_democratic_republic_of_ethiopia|fdre|government_of_ethiopia|ethiopian_government|ethiopia_government|federal_government_of_ethiopia|efdri|ethiopia_mengist|ye_ethiopia_mengist,https://www.mowe.gov.et/sites/default/files/resource/Federal%20Negarit%20.pdf,,rendered
Office of the Prime Minister,የጠቅላይ ሚኒስትር ጽሕፈት ቤት,government body,Ethiopia,office_of_the_prime_minister|office_of_prime_minister|fdre_office_of_the_prime_minister|prime_minister_office|prime_ministers_office|pmo|pmo_ethiopia|teklay_minister_tsihfet_bet|teklay_minister,https://www.pmo.gov.et/,,rendered
Ministry of Agriculture,የግብርና ሚኒስቴር,government body,Ethiopia,ministry_of_agriculture|moa|moa_ethiopia|ministry_of_agriculture_ethiopia|gibrina_minister,https://www.mowe.gov.et/sites/default/files/resource/Federal%20Negarit%20.pdf,,page
Ministry of Industry,የኢንዱስትሪ ሚኒስቴር,government body,Ethiopia,ministry_of_industry|moi_ethiopia|ministry_of_industry_ethiopia|industry_minister,https://www.mowe.gov.et/sites/default/files/resource/Federal%20Negarit%20.pdf,,page
Ministry of Trade and Regional Integration,የንግድና ቀጣናዊ ትስስር ሚኒስቴር,government body,Ethiopia,ministry_of_trade_and_regional_integration|motri|motri_ethiopia|ministry_of_trade|ministry_of_trade_ethiopia|ministry_of_trade_and_industry|moti|nigd_minister|nigdina_ketenawi_tisisir_minister,https://www.mowe.gov.et/sites/default/files/resource/Federal%20Negarit%20.pdf,,page
Ministry of Mines,የማዕድን ሚኒስቴር,government body,Ethiopia,ministry_of_mines|mom_ethiopia|ministry_of_mines_ethiopia|ministry_of_mines_and_petroleum|momp|maeden_minister,https://www.mowe.gov.et/sites/default/files/resource/Federal%20Negarit%20.pdf,,page
Ministry of Tourism,የቱሪዝም ሚኒስቴር,government body,Ethiopia,ministry_of_tourism|ministry_of_tourism_ethiopia|tourism_ethiopia|ministry_of_culture_and_tourism|tourism_minister,https://www.mowe.gov.et/sites/default/files/resource/Federal%20Negarit%20.pdf,,page
Ministry of Labor and Skills,የሥራና ክህሎት ሚኒስቴር,government body,Ethiopia,ministry_of_labor_and_skills|ministry_of_labour_and_skills|ministry_of_labor_and_skill|mols|mols_ethiopia|ministry_of_labour_and_social_affairs|molsa|sirana_kihilot_minister|sira_ena_kihilot_minister,https://mols.gov.et/,,page
Ministry of Finance,የገንዘብ ሚኒስቴር,government body,Ethiopia,ministry_of_finance|mof|mof_ethiopia|ministry_of_finance_ethiopia|fdre_ministry_of_finance|ministry_of_finance_and_economic_development|mofed|mofec|genzeb_minister,https://www.mofed.gov.et/,,page
Ministry of Revenues,የገቢዎች ሚኒስቴር,government body,Ethiopia,ministry_of_revenues|ministry_of_revenue|mor|mor_ethiopia|ministry_of_revenues_ethiopia|gebiwoch_minister|ethiopian_revenues_and_customs_authority|erca,https://www.mowe.gov.et/sites/default/files/resource/Federal%20Negarit%20.pdf,,page
Ministry of Planning and Development,የፕላንና ልማት ሚኒስቴር,government body,Ethiopia,ministry_of_planning_and_development|mopd|mopd_ethiopia|ministry_of_planning|planning_and_development_commission|plan_ena_limat_minister,https://www.mowe.gov.et/sites/default/files/resource/Federal%20Negarit%20.pdf,,page
Ministry of Innovation and Technology,የኢኖቬሽንና ቴክኖሎጂ ሚኒስቴር,government body,Ethiopia,ministry_of_innovation_and_technology|mint_ethiopia|mint_gov_et|ministry_of_innovation|ministry_of_science_and_technology|ministry_of_communication_and_information_technology|mcit|innovation_ena_technology_minister,https://mint.gov.et/,,page
Ministry of Transport and Logistics,የትራንስፖርትና ሎጂስቲክስ ሚኒስቴር,government body,Ethiopia,ministry_of_transport_and_logistics|motl|motl_ethiopia|ministry_of_transport|ministry_of_transport_ethiopia|federal_transport_authority|fta_ethiopia|transport_minister|transport_ena_logistics_minister,https://www.mowe.gov.et/sites/default/files/resource/Federal%20Negarit%20.pdf,,rendered
Ministry of Urban and Infrastructure,የከተማና መሠረተ ልማት ሚኒስቴር,government body,Ethiopia,ministry_of_urban_and_infrastructure|mui_ethiopia|ministry_of_urban_development_and_infrastructure|ministry_of_urban_and_infrastructure_development|ministry_of_urban_development_and_housing|ministry_of_urban_development_and_construction|ketema_ena_meseret_limat_minister,https://www.mowe.gov.et/sites/default/files/resource/Federal%20Negarit%20.pdf,,rendered
Ministry of Water and Energy,የውሃና ኢነርጂ ሚኒስቴር,government body,Ethiopia,ministry_of_water_and_energy|mowe|mowe_ethiopia|ministry_of_water_and_energy_ethiopia|ministry_of_water_irrigation_and_energy|mowie|wuha_ena_energy_minister,https://www.mowe.gov.et/sites/default/files/resource/Federal%20Negarit%20.pdf,,rendered
Ministry of Irrigation and Lowlands,የመስኖና ቆላማ አካባቢ ሚኒስቴር,government body,Ethiopia,ministry_of_irrigation_and_lowlands|ministry_of_irrigation_and_lowland|ministry_of_irrigation_and_lowland_areas_development|mills_ethiopia|moil|mesno_ena_kolama_minister,https://www.mowe.gov.et/sites/default/files/resource/Federal%20Negarit%20.pdf,,rendered
Ministry of Education,የትምህርት ሚኒስቴር,government body,Ethiopia,ministry_of_education|moe|moe_ethiopia|ministry_of_education_ethiopia|fdre_ministry_of_education|ministry_of_science_and_higher_education|moshe|timhirt_minister,https://moe.gov.et/,,page
Ministry of Health,የጤና ሚኒስቴር,government body,Ethiopia,ministry_of_health|moh|fmoh|moh_ethiopia|ministry_of_health_ethiopia|federal_ministry_of_health|tena_minister|tena_tibeka_minister,https://www.moh.gov.et/,,page
Ministry of Women and Social Affairs,የሴቶችና ማህበራዊ ጉዳይ ሚኒስቴር,government body,Ethiopia,ministry_of_women_and_social_affairs|mowsa|mowsa_ethiopia|ministry_of_women_children_and_youth|mowcy|setoch_ena_mahiberawi_guday_minister,https://www.mowe.gov.et/sites/default/files/resource/Federal%20Negarit%20.pdf,,rendered
Ministry of Culture and Sport,የባህልና ስፖርት ሚኒስቴር,government body,Ethiopia,ministry_of_culture_and_sport|ministry_of_culture_and_sports|mocs|mocs_ethiopia|bahil_ena_sport_minister,https://www.mowe.gov.et/sites/default/files/resource/Federal%20Negarit%20.pdf,,page
Ministry of Defense,የመከላከያ ሚኒስቴር,government body,Ethiopia,ministry_of_defense|ministry_of_defence|mod_ethiopia|ministry_of_defense_ethiopia|fdre_ministry_of_defense|ethiopian_national_defense_force|endf|mekelakeya_minister|mekelakeya_serawit,https://www.mowe.gov.et/sites/default/files/resource/Federal%20Negarit%20.pdf,,page
Ministry of Foreign Affairs,የውጭ ጉዳይ ሚኒስቴር,government body,Ethiopia,ministry_of_foreign_affairs|mfa|mofa|mfa_ethiopia|mofa_ethiopia|ministry_of_foreign_affairs_ethiopia|wuch_guday_minister,https://www.mfa.gov.et/,,page
Ministry of Justice,የፍትሕ ሚኒስቴር,government body,Ethiopia,ministry_of_justice|moj|moj_ethiopia|ministry_of_justice_ethiopia|federal_attorney_general|attorney_general_ethiopia|fitih_minister,https://www.mowe.gov.et/sites/default/files/resource/Federal%20Negarit%20.pdf,,page
Ministry of Peace,የሰላም ሚኒስቴር,government body,Ethiopia,ministry_of_peace|mop_ethiopia|ministry_of_peace_ethiopia|selam_minister,https://www.mowe.gov.et/sites/default/files/resource/Federal%20Negarit%20.pdf,,page
Ethiopian Customs Commission,የኢትዮጵያ ጉምሩክ ኮሚሽን,government body,Ethiopia,ethiopian_customs_commission|ecc|ecc_ethiopia|ethiopian_customs|ethiopia_customs|customs_commission|ethiopian_customs_authority|gumruk_commission|ethiopia_gumruk|ye_ethiopia_gumruk_commission,https://en.wikipedia.org/wiki/Ethiopian_Customs_Commission,,page
Immigration and Citizenship Service,የኢሚግሬሽንና ዜግነት አገልግሎት,government body,Ethiopia,immigration_and_citizenship_service|immigration_and_citizenship_services|ics_ethiopia|ics_gov_et|ethiopian_immigration|immigration_ethiopia|immigration_nationality_and_vital_events_agency|invea|main_department_for_immigration_and_nationality_affairs|ethiopian_passport_office|ethiopian_evisa|evisa_ethiopia|immigration_ena_zeginet_agelglot,https://www.ics.gov.et/,,page
Document Authentication and Registration Service,የሰነዶች ማረጋገጫና ምዝገባ አገልግሎት,government body,Ethiopia,document_authentication_and_registration_service|documents_authentication_and_registration_service|dars|dars_ethiopia|documents_authentication_and_registration_agency|dara_ethiopia|document_authentication_ethiopia|senedoch_maregagecha_ena_mizgeba|senedoch_maregagecha|wul_ena_mastreja|wulna_mastreja,https://www.dars.gov.et/,,page
Ethiopian Investment Commission,የኢትዮጵያ ኢንቨስትመንት ኮሚሽን,government body,Ethiopia,ethiopian_investment_commission|ethiopia_investment_commission|investment_commission_ethiopia|invest_ethiopia|investethiopia|ethiopian_investment_agency|eic_investment,https://investethiopia.gov.et/,,page
Ethiopian Communications Authority,የኢትዮጵያ ኮሚዩኒኬሽን ባለሥልጣን,government body,Ethiopia,ethiopian_communications_authority|ethiopian_communication_authority|eca|eca_ethiopia|ethiopia_communications_authority|communications_authority_ethiopia,https://www.eca.et/,,page
Information Network Security Administration,የኢንፎርሜሽን መረብ ደህንነት አስተዳደር,government body,Ethiopia,information_network_security_administration|insa|insa_ethiopia|ethiopian_insa|information_network_security_agency,https://www.insa.gov.et/,,rendered
Ethiopian Food and Drug Authority,የኢትዮጵያ ምግብና መድኃኒት ባለስልጣን,government body,Ethiopia,ethiopian_food_and_drug_authority|efda|efda_ethiopia|ethiopian_food_and_drug_administration|ethiopian_fda|fmhaca|migibna_medhanit_balesiltan|migib_ena_medhanit_balesiltan,https://www.efda.gov.et/,,page
Ethiopian Federal Police,የኢትዮጵያ ፌደራል ፖሊስ,government body,Ethiopia,ethiopian_federal_police|federal_police|federal_police_commission|ethiopian_federal_police_commission|efp|efpc|ethiopia_federal_police|federal_polis,https://en.wikipedia.org/wiki/Ethiopian_Federal_Police,,page
National ID Program (Fayda),የብሔራዊ መታወቂያ ፕሮግራም (ፋይዳ),government body,Ethiopia,fayda|national_id_program|national_id|national_id_ethiopia|ethiopian_national_id|nidp|national_id_office|fayda_id|fayda_national_id|fayda_ethiopia|fayda_digital_id|id_gov_et|biherawi_metawekiya|fayda_metawekiya,https://id.gov.et/,fayda,rendered
Ethiopian Civil Aviation Authority,የኢትዮጵያ ሲቪል አቪዬሽን ባለሥልጣን,government body,Ethiopia,ethiopian_civil_aviation_authority|ecaa|ecaa_ethiopia|civil_aviation_authority_ethiopia|ethiopian_civil_aviation|civil_aviation_ethiopia,https://www.ecaa.gov.et/,,rendered
Federal Supreme Court of Ethiopia,የፌዴራል ጠቅላይ ፍርድ ቤት,government body,Ethiopia,federal_supreme_court|federal_supreme_court_of_ethiopia|ethiopian_federal_supreme_court|fsc_ethiopia|federal_courts_of_ethiopia|federal_teklay_fird_bet|teklay_fird_bet,https://en.wikipedia.org/wiki/Federal_Supreme_Court_of_Ethiopia,,rendered
Institute of Ethiopian Standards,የኢትዮጵያ ደረጃዎች ኢንስቲትዩት,government body,Ethiopia,institute_of_ethiopian_standards|ies_ethiopia|ethiopian_standards_institute|ethiopian_standards_agency|esa_ethiopia|ethiopian_standards|ethiopia_derejawoch_institute,https://www.ies.gov.et/,,rendered
Ethiopian Conformity Assessment Enterprise,የኢትዮጵያ የተስማሚነት ምዘና ድርጅት,government body,Ethiopia,ethiopian_conformity_assessment_enterprise|ecae|ecae_ethiopia|ethiopian_conformity_assessment|quality_and_standards_authority_of_ethiopia|qsae|tesmaminet_mizena_dirijit,https://ecae.org.et/?p=116,,page
Ethiopian Accreditation Service,የኢትዮጵያ አክሬዲቴሽን አገልግሎት,government body,Ethiopia,ethiopian_accreditation_service|eas_ethiopia|ethiopian_national_accreditation_office|enao|ethiopia_accreditation_service,https://ecae.org.et/?p=116,,rendered
Ethiopian Metrology Institute,የኢትዮጵያ ሥነ-ልክ ኢንስቲትዩት,government body,Ethiopia,ethiopian_metrology_institute|emi_ethiopia|national_metrology_institute_of_ethiopia|nmie|ethiopia_metrology_institute,https://ecae.org.et/?p=116,,rendered
Ethiopia Commodity Exchange,የኢትዮጵያ ምርት ገበያ,government body,Ethiopia,ethiopia_commodity_exchange|ethiopian_commodity_exchange|ecx|ecx_ethiopia|ethiopia_mirt_gebeya|mirt_gebeya,https://www.ecx.com.et/,,rendered
Ethiopian Capital Market Authority,የኢትዮጵያ ካፒታል ገበያ ባለሥልጣን,government body,Ethiopia,ethiopian_capital_market_authority|ecma|ecma_ethiopia|ethiopia_capital_market_authority|capital_market_authority_ethiopia|capital_gebeya_balesiltan,https://ecma.gov.et/,,rendered
Ethiopian Intellectual Property Authority,የኢትዮጵያ አእምሯዊ ንብረት ባለሥልጣን,government body,Ethiopia,ethiopian_intellectual_property_authority|eipa|eipa_ethiopia|ethiopian_intellectual_property_office|eipo|aemirawi_nibret_balesiltan,https://eipa.gov.et/,,rendered
Ethiopian Broadcasting Corporation,የኢትዮጵያ ብሮድካስቲንግ ኮርፖሬሽን,government body,Ethiopia,ethiopian_broadcasting_corporation|ebc|ebc_ethiopia|etv|etv_ethiopia|ethiopian_television|ethiopian_radio|ethiopian_radio_and_television_agency|erta,https://www.ebc.et/,,page
Road Safety and Insurance Fund Service,የመንገድ ደህንነትና መድን ፈንድ አገልግሎት,government body,Ethiopia,road_safety_and_insurance_fund_service|rsifs|road_safety_and_insurance_fund|insurance_fund_service|national_road_safety_council|menged_dehninet_ena_medin_fund,https://addisfortune.news/?p=21407,,rendered
Petroleum and Energy Authority,የነዳጅና ኢነርጂ ባለሥልጣን,government body,Ethiopia,petroleum_and_energy_authority|pea_ethiopia|ethiopian_petroleum_and_energy_authority|ethiopian_energy_authority|eea_ethiopia|nedaj_ena_energy_balesiltan,https://pea.gov.et/,,rendered
Ethiopian Media Authority,የኢትዮጵያ መገናኛ ብዙኃን ባለሥልጣን,government body,Ethiopia,ethiopian_media_authority|ema_ethiopia|ethiopia_media_authority|ethiopian_broadcasting_authority|eba_ethiopia|megenagna_bizuhan_balesiltan,https://ema.gov.et/,,rendered
House of Peoples' Representatives,የኢ.ፌ.ዲ.ሪ የህዝብ ተወካዮች ምክር ቤት,government body,Ethiopia,house_of_peoples_representatives|house_of_peoples_representatives_of_ethiopia|hopr|hpr_ethiopia|ethiopian_parliament|parliament_of_ethiopia|yehizb_tewekayoch_mikir_bet|tewekayoch_mikir_bet,https://www.hopr.gov.et/,,page
National Election Board of Ethiopia,የኢትዮጵያ ብሔራዊ ምርጫ ቦርድ,government body,Ethiopia,national_election_board_of_ethiopia|national_electoral_board_of_ethiopia|nebe|nebe_ethiopia|ethiopian_election_board|election_board_of_ethiopia|biherawi_mircha_board|mircha_board,https://nebe.org.et/,,page
Ethiopian Human Rights Commission,የኢትዮጵያ ሰብአዊ መብቶች ኮሚሽን,government body,Ethiopia,ethiopian_human_rights_commission|ehrc|ehrc_ethiopia|ethiopia_human_rights_commission|isemeko|sebawi_mebtoch_commission,https://ehrc.org/,,page
Federal Ethics and Anti-Corruption Commission,የኢትዮጵያ የፌዴራል የስነ-ምግባርና የፀረ ሙስና ኮሚሽን,government body,Ethiopia,federal_ethics_and_anti_corruption_commission|ethiopian_federal_ethics_and_anti_corruption_commission|feacc|feacc_ethiopia|anti_corruption_commission_ethiopia|tsere_musina_commission|sine_migbar_ena_tsere_musina_commission,https://en.wikipedia.org/wiki/Ethiopian_Federal_Ethics_and_Anti-Corruption_Commission,,page
Education and Training Authority,የትምህርትና ሥልጠና ባለሥልጣን,government body,Ethiopia,education_and_training_authority|eta_ethiopia|ethiopian_education_and_training_authority|higher_education_relevance_and_quality_agency|herqa|timhirt_ena_siltena_balesiltan,https://moe.gov.et/,,rendered
Educational Assessment and Examinations Service,የትምህርት ምዘናና ፈተናዎች አገልግሎት,government body,Ethiopia,educational_assessment_and_examinations_service|education_assessment_and_examination_service|eaes|eaes_ethiopia|national_educational_assessment_and_examinations_agency|neaea|national_examination_agency_of_ethiopia|timhirt_mizena_ena_fetenawoch_agelglot,https://moe.gov.et/,,rendered
Ethiopian Public Health Institute,የኢትዮጵያ የኅብረተሰብ ጤና ኢንስቲትዩት,government body,Ethiopia,ethiopian_public_health_institute|ephi|ephi_ethiopia|ethiopia_public_health_institute|hibreteseb_tena_institute,https://www.moh.gov.et/,,rendered
Ethiopia Technology Authority,የኢትዮጵያ ቴክኖሎጂ ባለሥልጣን,government body,Ethiopia,ethiopia_technology_authority|ethiopian_technology_authority|eta_gov_et|technology_authority_ethiopia,https://eta.gov.et/,,rendered
Private Organizations Employees Social Security Administration,የግል ድርጅት ሠራተኞች ማህበራዊ ዋስትና አስተዳደር,government body,Ethiopia,private_organizations_employees_social_security_administration|poessa|poessa_ethiopia|private_organizations_employees_social_security_agency|private_organization_employees_pension|yegil_dirijit_serategnoch_mahiberawi_wastina,https://www.poessa.gov.et/,,page
Public Servant Social Security Administration,የመንግስት ሠራተኞች ማህበራዊ ዋስትና አስተዳደር,government body,Ethiopia,public_servants_social_security_administration|public_servant_social_security_administration|psssa|psssa_ethiopia|public_servants_social_security_agency|social_security_agency_ethiopia|yemengist_serategnoch_mahiberawi_wastina,https://www.psssa.gov.et/,,page
Ethiopian Health Insurance Service,የኢትዮጵያ ጤና መድን አገልግሎት,government body,Ethiopia,ethiopian_health_insurance_service|ehis|ehis_ethiopia|ethiopian_health_insurance_agency|ehia|ethiopian_health_insurance|ethiopia_tena_medin,https://www.ehis.gov.et/,,rendered
Authority for Civil Society Organizations,የሲቪል ማህበረሰብ ድርጅቶች ባለስልጣን,government body,Ethiopia,authority_for_civil_society_organizations|acso|acso_ethiopia|agency_for_civil_society_organizations|charities_and_societies_agency|chsa|civil_mahibereseb_dirijitoch_balesiltan,https://acso.gov.et/,,page
Ethiopian Agriculture Authority,የኢትዮጵያ ግብርና ባለሥልጣን,government body,Ethiopia,ethiopian_agriculture_authority|ethiopian_agricultural_authority|eaa|eaa_ethiopia|ethiopia_agriculture_authority|gibrina_balesiltan,https://eaa.gov.et/,,rendered
Ethiopian Pharmaceuticals Supply Service,የኢትዮጵያ መድኃኒት አቅራቢ አገልግሎት,government body,Ethiopia,ethiopian_pharmaceuticals_supply_service|ethiopian_pharmaceutical_supply_service|epss|epss_ethiopia|ethiopian_pharmaceuticals_supply_agency|epsa|pharmaceuticals_fund_and_supply_agency|pfsa|medhanit_akrabi_agelglot,https://epss.gov.et/,,page
Industrial Parks Development Corporation,የኢንዱስትሪ ፓርኮች ልማት ኮርፖሬሽን,government body,Ethiopia,industrial_parks_development_corporation|industry_parks_development_corporation|ipdc|ipdc_ethiopia|ethiopian_industrial_parks,https://www.ipdc.gov.et/,,rendered
Ethiopian News Agency,የኢትዮጵያ ዜና አገልግሎት,government body,Ethiopia,ethiopian_news_agency|ena_ethiopia|ethiopia_news_agency|ezea|ethiopia_zena_agelglot,https://www.ena.et/,,rendered
Ethiopian Artificial Intelligence Institute,የኢትዮጵያ አርቲፊሻል ኢንተለጀንስ ኢንስቲትዩት,government body,Ethiopia,ethiopian_artificial_intelligence_institute|eaii|eaii_ethiopia|ethiopian_ai_institute|aii_ethiopia|artificial_intelligence_institute_ethiopia,https://www.aii.et/,,rendered
Ethiopian Diaspora Service,የኢትዮጵያ ዳያስፖራ አገልግሎት,government body,Ethiopia,ethiopian_diaspora_service|eds_ethiopia|ethiopian_diaspora_agency|eda_ethiopia|diaspora_service_ethiopia|ethiopia_diaspora_agelglot,https://www.ethiopiandiasporaservice.gov.et/,,rendered
Ethiopian Investment Holdings,የኢትዮጵያ ኢንቨስትመንት ሆልዲንግስ,government body,Ethiopia,ethiopian_investment_holdings|eih|eih_ethiopia|ethiopia_investment_holdings,https://en.wikipedia.org/wiki/Ethiopian_Investment_Holdings,,page
Ethiopian Lottery Service,የኢትዮጵያ ሎተሪ አገልግሎት,government body,Ethiopia,ethiopian_lottery_service|els_ethiopia|ethio_lottery|ethiolottery|ethiopian_lottery|national_lottery_administration|ethiopian_national_lottery_administration|enla|national_lottery_ethiopia|biherawi_lottery|biherawi_lottery_astedader,https://focusgn.com/africa/ethiopian-investment-holdings-accelerates-lottery-transformation,,rendered
National Intelligence and Security Service,የብሔራዊ መረጃና ደህንነት አገልግሎት,government body,Ethiopia,national_intelligence_and_security_service|niss|niss_ethiopia|ethiopian_intelligence_service|biherawi_mereja_ena_dehninet,https://en.wikipedia.org/wiki/Council_of_Ministers_(Ethiopia),,rendered
Government Communication Service,የመንግሥት ኮሙዩኒኬሽን አገልግሎት,government body,Ethiopia,government_communication_service|fdre_government_communication_service|gcs_ethiopia|government_communication_affairs_office|gcao|mengist_communication_agelglot,https://en.wikipedia.org/wiki/Council_of_Ministers_(Ethiopia),,rendered
Environment Protection Authority,የአካባቢ ጥበቃ ባለሥልጣን,government body,Ethiopia,environment_protection_authority|environmental_protection_authority|epa_ethiopia|ethiopian_environmental_protection_authority|fdre_environment_protection_authority|akababi_tibeka_balesiltan,https://www.epa.gov.et/,,rendered
Ethiopian Meteorological Institute,የኢትዮጵያ ሚቲዎሮሎጂ ኢንስቲትዩት,government body,Ethiopia,ethiopian_meteorological_institute|ethiopian_meteorology_institute|ethiomet|ethiopia_meteorology|national_meteorology_agency|nma_ethiopia,https://www.ethiomet.gov.et/,,page
Addis Ababa City Administration,የአዲስ አበባ ከተማ አስተዳደር,government body,Ethiopia,addis_ababa_city_administration|addis_abeba_city_administration|aaca|addis_ababa_city_government|city_government_of_addis_ababa|addis_ababa_mayor_office|addis_ababa_city_council|addis_ababa_ketema_astedader|addis_abeba_ketema_astedader,https://en.wikipedia.org/wiki/Addis_Ababa_City_Administration,,page
Addis Ababa Revenue Bureau,የአዲስ አበባ ከተማ አስተዳደር ገቢዎች ቢሮ,government body,Ethiopia,addis_ababa_revenue_bureau|addis_ababa_revenues_bureau|addis_abeba_revenue_bureau|addis_ababa_city_revenue_bureau|addis_ababa_revenue_authority|aarb|addis_ababa_gebiwoch_biro,https://www.thereporterethiopia.com/43851/,,rendered
Addis Ababa Trade Bureau,የአዲስ አበባ ከተማ አስተዳደር ንግድ ቢሮ,government body,Ethiopia,addis_ababa_trade_bureau|addis_abeba_trade_bureau|addis_ababa_city_trade_bureau|addis_ababa_trade_and_industry_bureau|addis_ababa_nigd_biro,https://addisstandard.com/?p=41174,,rendered
Addis Ababa Land Development and Administration Bureau,የአዲስ አበባ ከተማ አስተዳደር የመሬት ልማትና አስተዳደር ቢሮ,government body,Ethiopia,addis_ababa_land_development_and_administration_bureau|addis_abeba_land_development_and_administration_bureau|addis_ababa_land_bureau|addis_ababa_land_administration|addis_ababa_land_development_and_management_bureau|addis_ababa_meret_limat_ena_astedader_biro|addis_ababa_meret_astedader,https://addisfortune.news/?p=47982,,rendered
Addis Ababa Driver and Vehicle Licensing and Control Authority,የአዲስ አበባ ከተማ አሽከርካሪና ተሽከርካሪ ፈቃድና ቁጥጥር ባለሥልጣን,government body,Ethiopia,addis_ababa_driver_and_vehicle_licensing_and_control_authority|addis_abeba_driver_and_vehicle_licensing_and_control_authority|aadvlca|dvlca|addis_ababa_driver_and_vehicle_licensing|addis_ababa_driver_vehicle_permit_and_control_authority|ashkerkari_ena_teshkerkari_balesiltan|addis_ababa_ashkerkari_teshkerkari,https://addisfortune.news/?p=48436,,rendered
Civil Registration and Residency Service Agency,የአዲስ አበባ ከተማ አስተዳደር የሲቪል ምዝገባና የነዋሪነት አገልግሎት ኤጀንሲ,government body,Ethiopia,civil_registration_and_residency_service_agency|civil_registration_and_residency_services_agency|crrsa|aacrrsa|addis_ababa_civil_registration_and_residency_service_agency|addis_ababa_civil_registration|addis_ababa_kebele_id|civil_mizgeba_ena_yenewarinet_agelglot,https://addisfortune.news/addis-abeba-promises-an-id-card-in-a-day-for-triple-the-fee,,rendered
Addis Ababa Police Commission,የአዲስ አበባ ፖሊስ ኮሚሽን,government body,Ethiopia,addis_ababa_police_commission|addis_abeba_police_commission|addis_ababa_police|addis_abeba_police|aapc|addis_ababa_federal_police|addis_ababa_traffic_police|addis_police|addis_ababa_polis_commission,https://cityaddisababa.gov.et/en/office,,rendered
Addis Ababa Transport Bureau,የአዲስ አበባ ከተማ አስተዳደር ትራንስፖርት ቢሮ,government body,Ethiopia,addis_ababa_transport_bureau|addis_abeba_transport_bureau|addis_ababa_city_transport_bureau|addis_ababa_road_and_transport_bureau|addis_ababa_transport_biro,https://addisfortune.news/ride-hailing-drivers-hit-roadblock-in-addis-abebas-urban-overhaul,,rendered
Addis Ababa Traffic Management Authority,የአዲስ አበባ ከተማ ትራፊክ ማኔጅመንት ባለሥልጣን,government body,Ethiopia,addis_ababa_traffic_management_authority|addis_abeba_traffic_management_authority|aatma|addis_ababa_traffic_management_agency|addis_ababa_traffic_management|tma_addis_ababa,https://addisfortune.news/ride-hailing-drivers-hit-roadblock-in-addis-abebas-urban-overhaul,,rendered
Addis Ababa City Roads Authority,የአዲስ አበባ ከተማ መንገዶች ባለሥልጣን,government body,Ethiopia,addis_ababa_city_roads_authority|addis_abeba_city_roads_authority|aacra|addis_ababa_roads_authority|addis_ababa_mengedoch_balesiltan,https://addisfortune.news/city-bus-enterprise-to-get-buses-worth-20m,,rendered
Addis Ababa Housing Development Corporation,የአዲስ አበባ ቤቶች ልማት ኮርፖሬሽን,government body,Ethiopia,addis_ababa_housing_development_corporation|addis_abeba_housing_development_corporation|aahdc|addis_ababa_housing_corporation|addis_ababa_condominium|addis_ababa_betoch_limat_corporation,https://allafrica.com/stories/202410010521.html,,rendered
Federal Housing Corporation,የፌዴራል ቤቶች ኮርፖሬሽን,government body,Ethiopia,federal_housing_corporation|fhc_ethiopia|federal_housing_corporation_ethiopia|federal_betoch_corporation|kiray_betoch,https://capitalethiopia.com/2018/05/21/federal-housing-cooperation-increase-rental-fees-roll-new-apartments/,,rendered
Ethiopian Roads Administration,የኢትዮጵያ መንገዶች አስተዳደር,government body,Ethiopia,ethiopian_roads_administration|era_ethiopia|ethiopian_roads_authority|ethiopia_roads_administration|ethiopia_mengedoch_astedader,https://www.thereporterethiopia.com/27694/,,rendered
RIDE,ራይድ,delivery or ride service,Ethiopia,ride|ride_ethiopia|ride_8294|ride8294|ride_et|ride_addis|ride_taxi_ethiopia|ride_hybrid_designs|hybrid_designs|hybrid_designs_plc,https://ride8294.com/,ride,rendered
Feres,ፈረስ,delivery or ride service,Ethiopia,feres|feres_transport|feres_ride|feres_taxi|feres_et|feres_ethiopia|feres_app|feres_6090,https://feres.et/,feres,rendered
ZayRide,ዛይራይድ,delivery or ride service,Ethiopia,zayride|zay_ride|zayride_ethiopia|zayride_taxi|zaytech|zaytech_solutions,https://zayride.com/,,rendered
Taxiye,ታክሲዬ,delivery or ride service,Ethiopia,taxiye|taxiye_ethiopia|taxiye_ride|taxiye_et,https://taxiye.com/,,rendered
Yango,ያንጎ,delivery or ride service,Ethiopia,yango|yango_ethiopia|yango_ride|yango_et|yango_addis,https://yango.com/en_et/,,rendered
Little Ethiopia,ሊትል ኢትዮጵያ,delivery or ride service,Ethiopia,little_ethiopia|little_ride_ethiopia,https://addisfortune.news/ride-hailing-drivers-hit-roadblock-in-addis-abebas-urban-overhaul,,rendered
Seregela,ሰረገላ,delivery or ride service,Ethiopia,seregela|seregela_ride|seregela_taxi|seregela_ethiopia|seregela_app,https://addisfortune.news/ride-hailing-drivers-hit-roadblock-in-addis-abebas-urban-overhaul,seregela,rendered
Adika,አዲካ,delivery or ride service,Ethiopia,adika|adika_taxi|adika_ride|adika_ethiopia|adika_taxi_service,https://addisfortune.news/ride-hailing-drivers-hit-roadblock-in-addis-abebas-urban-overhaul,,rendered
Deliver Addis,ዴሊቨር አዲስ,delivery or ride service,Ethiopia,deliver_addis|deliveraddis|deliver_addis_ethiopia|roadrunner_technology_solutions,https://deliveraddis.com/,,rendered
beU Delivery,ቢዩ ዴሊቨሪ,delivery or ride service,Ethiopia,beu_delivery|beudelivery|beu_ethiopia|beu_app|beu_food_delivery,https://beudelivery.com/,,rendered
ZMall,ዚሞል,delivery or ride service,Ethiopia,zmall|z_mall|zmall_delivery|zmall_ethiopia|zmall_app,https://www.bento.travel/ethiopia/food-delivery,,rendered
Tikus Delivery,ትኩስ ዴሊቨሪ,delivery or ride service,Ethiopia,tikus_delivery|tikusdelivery|tikus_delivery_ethiopia|tikus_app,https://tikusdelivery.com/,,rendered
Eshi Express,እሺ ኤክስፕረስ,delivery or ride service,Ethiopia,eshi_express|eshiexpress|eshi_delivery|eshi_express_ethiopia,https://eshiexpress.com/,,rendered
EthioDirect,ኢትዮዳይሬክት,money transfer,Ethiopia,ethiodirect|ethio_direct|cbe_ethiodirect|cbe_ethio_direct,https://combanketh.et/ways-of-banking/cbe-ethio-direct,,rendered
CBE Connect,ሲቢኢ ኮኔክት,money transfer,Ethiopia,cbe_connect|cbeconnect,https://nbe.gov.et/mta,,rendered
AwashRemit,አዋሽ ሬሚት,money transfer,Ethiopia,awashremit|awash_remit,https://www.awashbank.com/,,rendered
Coopremit,ኩፕ ሬሚት,money transfer,Ethiopia,coopremit|coop_remit|coopbank_remit,https://coopbankoromia.com.et/,,rendered
Telebirr Remit,ቴሌብር ሬሚት,money transfer,Ethiopia,telebirr_remit|telebirrremit|tele_birr_remit,https://nbe.gov.et/mta,,rendered
Kacha Remit,ካቻ ሬሚት,money transfer,Ethiopia,kacha_remit|kacharemit,https://nbe.gov.et/mta,,rendered
Chapa Remit,ቻፓ ሬሚት,money transfer,Ethiopia,chapa_remit|chaparemit,https://nbe.gov.et/mta,,rendered
Arif Remit,አሪፍ ሬሚት,money transfer,Ethiopia,arif_remit|arifremit|arifpay_remit,https://nbe.gov.et/mta,,rendered
Laki Remit,ላኪ ሬሚት,money transfer,Ethiopia,laki_remit|lakiremit|lakipay_remit,https://nbe.gov.et/mta,,rendered
FrankRemit,ፍራንክ ሬሚት,money transfer,Ethiopia,frankremit|frank_remit|francremit|franc_remit|santimpay_remit,https://nbe.gov.et/mta,,rendered
CashGo,ካሽጎ,money transfer,Ethiopia,cashgo|cash_go|cashgo_app|cashgo_ethiopia,https://nbe.gov.et/mta,,rendered
MamaPays,ማማ ፔይ,money transfer,Ethiopia,mamapays|mama_pays|mamapay|mama_pay,https://nbe.gov.et/mta,,rendered
Mela Finance Inc,መላ ፋይናንስ,money transfer,Ethiopia,mela_finance|melafinance|mela_finance_inc|mela_app,https://nbe.gov.et/mta,,rendered
Wegen Send,ወገን ሴንድ,money transfer,Ethiopia,wegen_send|wegensend|wegen_tech,https://nbe.gov.et/mta,,rendered
Abyssinia Remit,አቢሲንያ ሬሚት,money transfer,Ethiopia,abyssinia_remit|abyssiniaremit|abysinia_remit,https://nbe.gov.et/mta,,rendered
Abbaa Fardaa Remit,አባ ፈርዳ ሬሚት,money transfer,Ethiopia,abbaa_fardaa_remit|abbaa_fardaa|abbaafardaa|abba_farda_remit|abba_farda,https://nbe.gov.et/mta,,rendered
Ethio Dash,ኢትዮ ዳሽ,money transfer,Ethiopia,ethio_dash|ethiodash|ethiodash_llc,https://nbe.gov.et/mta,,rendered
Ethio Solutions Inc (Ethio Pay),ኢትዮ ሶሉሽንስ,money transfer,Ethiopia,ethio_solutions|ethiosolutions|ethio_solutions_inc,https://nbe.gov.et/mta,,rendered
Fastpay LLC (FastpayEt),ፋስትፔይ,money transfer,Ethiopia,fastpayet|fastpay_et|fastpay_llc|fastpay_ethiopia,https://nbe.gov.et/mta,,rendered
Selam Express,ሰላም ኤክስፕረስ,money transfer,Ethiopia,selam_express|selamexpress,https://nbe.gov.et/mta,,rendered
"Destta, INC.",ደስታ,money transfer,Ethiopia,destta|destta_inc|destta_remit,https://nbe.gov.et/mta,,rendered
Bole Atlantic International,ቦሌ አትላንቲክ ኢንተርናሽናል,money transfer,Ethiopia,bole_atlantic|boleatlantic|bole_atlantic_international,https://nbe.gov.et/mta,,rendered
Minte International Corp.,ምንቴ ኢንተርናሽናል,money transfer,Ethiopia,minte_international|minteinternational|minte_international_corp,https://nbe.gov.et/mta,,rendered
KCB Bank Kenya,የኬንያ ንግድ ባንክ (ኬሲቢ),bank,Kenya,kenya_commercial_bank|kcb|kcb_bank|kcb_bank_kenya|kcb_kenya|kcb_group,https://thekenyatimes.com/banking/list-of-10-largest-banks-in-kenya-by-market-share/,,rendered
Equity Bank Kenya,ኢኩዊቲ ባንክ ኬንያ,bank,Kenya,equity_bank|equity_bank_kenya|equitybank|equity_group|equity_bank_limited,https://thekenyatimes.com/banking/list-of-10-largest-banks-in-kenya-by-market-share/,,rendered
Co-operative Bank of Kenya,የኬንያ ኅብረት ሥራ ባንክ,bank,Kenya,cooperative_bank_of_kenya|co_operative_bank_of_kenya|coop_bank_kenya|co_op_bank_kenya|co_op_bank|coop_bank_of_kenya,https://thekenyatimes.com/banking/list-of-10-largest-banks-in-kenya-by-market-share/,,rendered
NCBA Bank Kenya,ኤንሲቢኤ ባንክ ኬንያ,bank,Kenya,ncba|ncba_bank|ncba_bank_kenya|ncba_kenya|ncba_group,https://thekenyatimes.com/banking/list-of-10-largest-banks-in-kenya-by-market-share/,,rendered
Absa Bank Kenya,አብሳ ባንክ ኬንያ,bank,Kenya,absa_bank_kenya|absa_kenya|absa_bank|absa,https://thekenyatimes.com/banking/list-of-10-largest-banks-in-kenya-by-market-share/,,rendered
Stanbic Bank Kenya,ስታንቢክ ባንክ ኬንያ,bank,Kenya,stanbic_bank_kenya|stanbic_bank|stanbic_kenya|stanbic,https://thekenyatimes.com/banking/list-of-10-largest-banks-in-kenya-by-market-share/,,rendered
I&M Bank,አይ ኤንድ ኤም ባንክ,bank,Kenya,i_and_m_bank|im_bank|i_m_bank|iandm_bank|i_and_m_bank_kenya,https://thekenyatimes.com/banking/list-of-10-largest-banks-in-kenya-by-market-share/,,rendered
Standard Chartered Bank Kenya,ስታንዳርድ ቻርተርድ ባንክ ኬንያ,bank,Kenya,standard_chartered_bank_kenya|standard_chartered_kenya|standard_chartered_bank|standard_chartered|stanchart|stanchart_kenya,https://thekenyatimes.com/banking/list-of-10-largest-banks-in-kenya-by-market-share/,,rendered
Britam,ብሪታም,insurer,Kenya,britam|britam_insurance|britam_kenya|britam_holdings|britam_life,https://atlas-mag.net/en/articles/insurance-companies-kenya,,rendered
Jubilee Insurance,ጁቢሊ ኢንሹራንስ,insurer,Kenya,jubilee_insurance|jubilee_insurance_kenya|jubilee_holdings|jubilee_health_insurance|jubilee_life_insurance,https://atlas-mag.net/en/articles/insurance-companies-kenya,,rendered
ICEA LION,አይሲኢኤ ላየን,insurer,Kenya,icea_lion|icealion|icea_lion_insurance|icea_lion_group|icea,https://atlas-mag.net/en/articles/insurance-companies-kenya,,rendered
CIC Insurance Group,ሲአይሲ ኢንሹራንስ ግሩፕ,insurer,Kenya,cic_insurance|cic_insurance_group|cic_group|cic_kenya|cic_general_insurance,https://atlas-mag.net/en/articles/insurance-companies-kenya,,rendered
APA Insurance,ኤፒኤ ኢንሹራንስ,insurer,Kenya,apa_insurance|apa_insurance_kenya|apa_life|apa_kenya,https://atlas-mag.net/en/articles/insurance-companies-kenya,,rendered
Safaricom,ሳፋሪኮም,telecom,Kenya,safaricom_plc|safaricom_kenya|safaricom_care,https://www.the-star.co.ke/business/kenya/2022-12-01-safaricom-telkom-market-share-up-as-airtel-stagnates/,,rendered
Airtel Kenya,ኤርቴል ኬንያ,telecom,Kenya,airtel_kenya|airtel|airtel_ke|airtelkenya|airtel_networks_kenya,https://www.the-star.co.ke/business/kenya/2022-12-01-safaricom-telkom-market-share-up-as-airtel-stagnates/,,rendered
Telkom Kenya,ቴልኮም ኬንያ,telecom,Kenya,telkom_kenya|telkom|telkom_ke|telkomkenya,https://www.the-star.co.ke/business/kenya/2022-12-01-safaricom-telkom-market-share-up-as-airtel-stagnates/,,rendered
Equitel,ኢኩዊቴል,telecom,Kenya,equitel|equitel_kenya|finserve|finserve_africa,https://www.the-star.co.ke/business/kenya/2022-12-01-safaricom-telkom-market-share-up-as-airtel-stagnates/,,rendered
Jamii Telecommunications,ጃሚ ቴሌኮሙኒኬሽንስ (ጄቲኤል),telecom,Kenya,jamii_telecommunications|jamii_telecom|jtl_kenya|jtl_faiba|faiba,https://www.the-star.co.ke/business/kenya/2022-12-01-safaricom-telkom-market-share-up-as-airtel-stagnates/,,rendered
M-PESA (Kenya),ኤም-ፔሳ (ኬንያ),mobile money,Kenya,m_pesa_kenya|mpesa_kenya|safaricom_mpesa_kenya,https://techcabal.com/2023/06/26/kenya-mobile-money-rivals-are-no-match-for-m-pesa/,,rendered
Airtel Money,ኤርቴል መኒ,mobile money,Kenya,airtel_money|airtelmoney|airtel_money_kenya,https://techcabal.com/2023/06/26/kenya-mobile-money-rivals-are-no-match-for-m-pesa/,,rendered
T-Kash,ቲ-ካሽ,mobile money,Kenya,t_kash|tkash|telkom_t_kash|t_kash_kenya,https://techcabal.com/2023/06/26/kenya-mobile-money-rivals-are-no-match-for-m-pesa/,,rendered
Kenya Airways,የኬንያ አየር መንገድ,airline,Kenya,kenya_airways|kenyaairways|kenya_airways_kq|kq_kenya_airways,https://en.wikipedia.org/wiki/List_of_airlines_of_Kenya,,rendered
Jambojet,ጃምቦጄት,airline,Kenya,jambojet|jambo_jet|jambojet_kenya,https://en.wikipedia.org/wiki/List_of_airlines_of_Kenya,,rendered
Kenya Power,የኬንያ ኤሌክትሪክ ኃይል ኩባንያ (ኬንያ ፓወር),utility,Kenya,kenya_power|kplc|kenya_power_and_lighting_company|kenya_power_and_lighting|kenyapower|kenya_power_care,https://en.wikipedia.org/wiki/Kenya_Power_and_Lighting_Company,,rendered
Postal Corporation of Kenya,የኬንያ ፖስታ ኮርፖሬሽን (ፖስታ ኬንያ),utility,Kenya,postal_corporation_of_kenya|posta_kenya|postakenya|kenya_post|ems_kenya,https://en.wikipedia.org/wiki/List_of_companies_of_Kenya,,rendered
Nairobi City Water and Sewerage Company,የናይሮቢ ከተማ ውሃና ፍሳሽ ኩባንያ,utility,Kenya,nairobi_city_water_and_sewerage_company|nairobi_water|nairobiwater|ncwsc|nairobi_city_water,https://nairobiwater.co.ke/mission-vision-and-values,,rendered
Central Bank of Kenya,የኬንያ ማዕከላዊ ባንክ,government body,Kenya,central_bank_of_kenya|cbk|cbk_kenya|centralbank_kenya,https://en.wikipedia.org/wiki/List_of_banks_in_Kenya,,rendered
Kenya Revenue Authority,የኬንያ ገቢዎች ባለሥልጣን,government body,Kenya,kenya_revenue_authority|kra|kra_kenya|kra_care|kenya_revenue,https://www.kra.go.ke/images/tenderdocs/General-Notice-on-Fraudulent-Impersonators-2026.pdf,,rendered
eCitizen,ኢ-ሲቲዝን ኬንያ,government body,Kenya,ecitizen|e_citizen|ecitizen_kenya|ecitizen_go_ke|gava_mkononi,https://www.kenyans.co.ke/node/40129,,rendered
Department of Immigration,የኬንያ ኢሚግሬሽን መምሪያ,government body,Kenya,department_of_immigration_kenya|kenya_immigration|immigration_kenya|directorate_of_immigration_services|department_of_immigration_services|immigration_department_kenya,https://hudumakenya.go.ke/services,,rendered
National Transport and Safety Authority,የኬንያ ብሔራዊ የትራንስፖርትና ደህንነት ባለሥልጣን,government body,Kenya,national_transport_and_safety_authority|ntsa|ntsa_kenya,https://peopledaily.digital/news/ntsa-warns-kenyans-against-fake-service-information-issues-official-contact-list,,rendered
National Police Service,የኬንያ ብሔራዊ ፖሊስ አገልግሎት,government body,Kenya,national_police_service_kenya|national_police_service|nps_kenya|kenya_police|kenya_police_service,https://www.kenyans.co.ke/news/92577-police-expose-scammers-posing-deputy-ig,,rendered
Huduma Kenya (Huduma Centres),ሁዱማ ኬንያ,government body,Kenya,huduma_kenya|hudumakenya|huduma_centre|huduma_center|huduma_centres,https://www.kenyans.co.ke/news/116300-inside-cs-murkomens-quiet-revolution-huduma-centres-digital-border-control,,rendered
Social Health Authority,የኬንያ ማኅበራዊ ጤና ባለሥልጣን,government body,Kenya,social_health_authority|social_health_authority_kenya|sha_kenya,https://hudumakenya.go.ke/services,,rendered
Higher Education Loans Board,የኬንያ ከፍተኛ ትምህርት ብድር ቦርድ,government body,Kenya,higher_education_loans_board|helb|helb_kenya,https://hudumakenya.go.ke/services,,rendered
Little,ሊትል,delivery or ride service,Kenya,little_cab|littlecab|little_app|little_ride|little_kenya,https://bento.travel/kenya/ride-hailing,,rendered
Fargo Courier,ፋርጎ ኩሪየር,delivery or ride service,Kenya,fargo_courier|fargocourier|fargo_courier_kenya|fargo_courier_limited,https://www.truehost.co.ke/best-courier-services-for-online-business-in-kenya/,,rendered
Pick-Up Mtaani,ፒክአፕ ምታኒ,delivery or ride service,Kenya,pick_up_mtaani|pickup_mtaani|pickupmtaani,https://www.truehost.co.ke/best-courier-services-for-online-business-in-kenya/,,rendered
Upesi Money Transfer,ኡፔሲ ገንዘብ ማስተላለፊያ,money transfer,Kenya,upesi_money_transfer|upesi_money|upesi_kenya,https://www.centralbank.go.ke/wp-content/uploads/2025/09/Directory-of-Money-Remittance-Providers-September-2025.pdf,,rendered
Commercial Bank of Eritrea,የኤርትራ ንግድ ባንክ,bank,Eritrea,commercial_bank_of_eritrea|cber|cbe_eritrea,https://en.wikipedia.org/wiki/List_of_banks_in_Eritrea,,rendered
Housing and Commerce Bank of Eritrea,የኤርትራ የቤቶችና ንግድ ባንክ,bank,Eritrea,housing_and_commerce_bank_of_eritrea|housing_and_commerce_bank|housing_and_commercial_bank_of_eritrea|hcbe|hcb_eritrea,https://en.wikipedia.org/wiki/List_of_banks_in_Eritrea,,rendered
Eritrean Investment and Development Bank,የኤርትራ ኢንቨስትመንትና ልማት ባንክ,bank,Eritrea,eritrean_investment_and_development_bank|eidb|eidb_eritrea|eritrea_development_bank,https://en.wikipedia.org/wiki/List_of_banks_in_Eritrea,,rendered
National Insurance Corporation of Eritrea,የኤርትራ ብሔራዊ ኢንሹራንስ ኮርፖሬሽን,insurer,Eritrea,national_insurance_corporation_of_eritrea|nice_eritrea|niceritrea|nic_eritrea,https://fair1964.org/company-details/national-insurance-corporation-eritrea,,rendered
EriTel (Eritrea Telecommunication Services Corporation),ኤሪቴል,telecom,Eritrea,eritel|eri_tel|eritel_eritrea|eritrea_telecommunication_services_corporation|eritrean_telecommunications_corporation|eritrea_telecom,https://en.wikipedia.org/wiki/Telecommunications_in_Eritrea,,rendered
Eritrean Airlines,የኤርትራ አየር መንገድ,airline,Eritrea,eritrean_airlines|eritreanairlines|eritrea_airlines|eritrean_air,https://en.wikipedia.org/wiki/List_of_companies_based_in_Eritrea,,rendered
Eritrean Electricity Corporation,የኤርትራ ኤሌክትሪክ ኮርፖሬሽን,utility,Eritrea,eritrean_electricity_corporation|eritrean_electric_corporation|eritrea_electric_corporation|eritrea_electricity_corporation|eritrean_electricity_authority|eec_eritrea,https://www.tresor.economie.gouv.fr/Pays/ER/electricite-l-erythree-une-forte-dependance-aux-energies-fossiles-importees,,rendered
Eritrean Postal Service,የኤርትራ ፖስታ አገልግሎት,utility,Eritrea,eritrean_postal_service|eritrea_postal_service|eritrea_post|eritrean_post|eps_eritrea,https://en.wikipedia.org/wiki/Eritrean_Postal_Service,,rendered
Bank of Eritrea,የኤርትራ ባንክ,government body,Eritrea,bank_of_eritrea|central_bank_of_eritrea|boe_eritrea,https://en.wikipedia.org/wiki/Bank_of_Eritrea,,rendered
Ministry of Finance (Eritrea),የኤርትራ የገንዘብ ሚኒስቴር,government body,Eritrea,ministry_of_finance_eritrea|eritrea_ministry_of_finance|ministry_of_finance_and_national_development_eritrea,https://en.wikipedia.org/wiki/Bank_of_Eritrea,,rendered
Himbol Financial Services,ሂምቦል የፋይናንስ አገልግሎት,money transfer,Eritrea,himbol|himbol_financial_services|himbol_money_transfer|himbol_exchange,https://www.remitly.com/no/en/providers-eritrea/send-money-to-himbol-financial-services,,rendered
Banque pour le Commerce et l'Industrie – Mer Rouge (BCIMR),የንግድና ኢንዱስትሪ ባንክ – ቀይ ባሕር (ቢሲአይኤምአር),bank,Djibouti,banque_pour_le_commerce_et_l_industrie_mer_rouge|bcimr|bci_mr|bcimr_djibouti|bci_mer_rouge|bank_for_commerce_and_industry_red_sea,https://en.wikipedia.org/wiki/List_of_banks_in_Djibouti,,rendered
Bank of Africa Mer Rouge,ባንክ ኦፍ አፍሪካ – ቀይ ባሕር,bank,Djibouti,bank_of_africa_mer_rouge|boa_mer_rouge|boa_djibouti|bank_of_africa_djibouti|bank_of_africa_red_sea,https://en.wikipedia.org/wiki/List_of_banks_in_Djibouti,,rendered
CAC International Bank,ካክ ኢንተርናሽናል ባንክ,bank,Djibouti,cac_international_bank|cac_bank|cacbank|cac_bank_djibouti,https://en.wikipedia.org/wiki/List_of_banks_in_Djibouti,,rendered
Salaam African Bank,ሰላም አፍሪካን ባንክ,bank,Djibouti,salaam_african_bank|salaam_bank_djibouti|salaam_african_bank_djibouti,https://en.wikipedia.org/wiki/List_of_banks_in_Djibouti,,rendered
Saba African Bank,ሳባ አፍሪካን ባንክ,bank,Djibouti,saba_african_bank|saba_bank|saba_islamic_bank|saba_bank_djibouti,https://en.wikipedia.org/wiki/List_of_banks_in_Djibouti,,rendered
GXA Assurances,ጂኤክስኤ ኢንሹራንስ,insurer,Djibouti,gxa_assurances|gxa|gxa_assurance|gxa_insurance|gxa_djibouti,https://oxfordbusinessgroup.com/reports/djibouti/2018-report/economy/opportunities-ahead-new-developments-and-alliances-could-bolster-insurance-uptake,,rendered
Assurance AMERGA,አሜርጋ ኢንሹራንስ,insurer,Djibouti,amerga|assurance_amerga|amerga_assurances|amerga_insurance,https://oxfordbusinessgroup.com/reports/djibouti/2018-report/economy/opportunities-ahead-new-developments-and-alliances-could-bolster-insurance-uptake,,rendered
Djibouti Telecom,ጅቡቲ ቴሌኮም,telecom,Djibouti,djibouti_telecom|djiboutitelecom|djibouti_telecom_sa|djib_telecom,https://en.wikipedia.org/wiki/List_of_companies_of_Djibouti,,rendered
D-Money,ዲ-መኒ,mobile money,Djibouti,d_money|dmoney|d_money_djibouti|djibouti_money,https://migrantmoney.uncdf.org/wp-content/uploads/2023/05/Djibouti-Infrastructure-Assessment-Report-ENG.pdf,,rendered
Air Djibouti,ኤር ጅቡቲ,airline,Djibouti,air_djibouti|airdjibouti|air_djibouti_airlines|djibouti_airlines,https://en.wikipedia.org/wiki/List_of_companies_of_Djibouti,,rendered
Electricité de Djibouti,የጅቡቲ ኤሌክትሪክ ኃይል (ኢዲዲ),utility,Djibouti,electricite_de_djibouti|edd_djibouti|electricity_of_djibouti|djibouti_electricity,https://dlca.logcluster.org/node/5036,,rendered
Office National de l'Eau et de l'Assainissement de Djibouti (ONEAD),የጅቡቲ ብሔራዊ የውሃና ፍሳሽ አገልግሎት ጽሕፈት ቤት (ኦኔአድ),utility,Djibouti,onead|onead_djibouti|office_national_de_l_eau_et_de_l_assainissement_de_djibouti|djibouti_water|national_office_of_water_and_sanitation_djibouti,https://www.tresor.economie.gouv.fr/Pays/DJ/assainissement-un-secteur-prioritaire-porteur-pour-l-offre-francaise,,rendered
La Poste de Djibouti,የጅቡቲ ፖስታ,utility,Djibouti,la_poste_de_djibouti|poste_de_djibouti|poste_djibouti|djibouti_post|djibouti_post_office,https://en.wikipedia.org/wiki/La_Poste_de_Djibouti,,rendered
Banque Centrale de Djibouti,የጅቡቲ ማዕከላዊ ባንክ,government body,Djibouti,banque_centrale_de_djibouti|central_bank_of_djibouti|bcd_djibouti|banque_centrale_djibouti,https://migrantmoney.uncdf.org/wp-content/uploads/2023/04/Djibouti-Diagnostic-Report-FR.pdf,,rendered
Ministère de l'Économie et des Finances,የጅቡቲ ኢኮኖሚና ፋይናንስ ሚኒስቴር,government body,Djibouti,ministere_de_l_economie_et_des_finances_djibouti|ministere_economie_finances_djibouti|ministry_of_economy_and_finance_djibouti|mefi_djibouti,https://migrantmoney.uncdf.org/wp-content/uploads/2023/04/Djibouti-Diagnostic-Report-FR.pdf,,rendered
Ministère de l'Intérieur,የጅቡቲ የአገር ውስጥ ጉዳይ ሚኒስቴር,government body,Djibouti,ministere_de_l_interieur_djibouti|ministere_interieur_djibouti|ministry_of_interior_djibouti|ministry_of_the_interior_djibouti,https://migrantmoney.uncdf.org/wp-content/uploads/2023/04/Djibouti-Diagnostic-Report-FR.pdf,,rendered
Police nationale,የጅቡቲ ብሔራዊ ፖሊስ,government body,Djibouti,police_nationale_djibouti|police_nationale|djibouti_police|djibouti_national_police|national_police_djibouti,https://force-publique.net/wp-content/uploads/2024/06/2023-Djibouti-fr.pdf,,rendered
Agence nationale des systèmes d'information de l'Etat (ANSIE),የጅቡቲ ብሔራዊ የመንግሥት መረጃ ሥርዓቶች ኤጀንሲ (አንሲ),government body,Djibouti,ansie|ansie_djibouti|agence_nationale_des_systemes_d_information_de_l_etat|national_agency_for_state_information_systems,https://www.wearetech.africa/fr/fils/actualites/tech/djibouti-adopte-de-nouveaux-services-numeriques,,rendered
Caisse Nationale de Sécurité Sociale (CNSS),የጅቡቲ ብሔራዊ የማኅበራዊ ዋስትና ፈንድ (ሲኤንኤስኤስ),government body,Djibouti,cnss_djibouti|cnss|caisse_nationale_de_securite_sociale|national_social_security_fund_djibouti,https://www.medefinternational.fr/wp-content/uploads/2023/08/DEL-Djibouti-Programme-V1.pdf,,rendered
International Bank of Somalia (IBS),የሶማሊያ ዓለም አቀፍ ባንክ (አይቢኤስ),bank,Somalia,international_bank_of_somalia|ibs_bank|ibs_somalia|ibsbank,https://trade.gov/country-commercial-guides/somalia-banking-services-and-financial-services,,rendered
Premier Bank,ፕሪሚየር ባንክ,bank,Somalia,premier_bank|premier_bank_somalia|premierbank,https://trade.gov/country-commercial-guides/somalia-banking-services-and-financial-services,,rendered
Salaam Somali Bank,ሰላም ሶማሊ ባንክ,bank,Somalia,salaam_somali_bank|salaam_bank|salaam_bank_somalia|salaamsomalibank,https://trade.gov/country-commercial-guides/somalia-banking-services-and-financial-services,,rendered
Dahabshil Bank International,ዳሃብሺል ባንክ ኢንተርናሽናል,bank,Somalia,dahabshil_bank_international|dahabshiil_bank_international|dahabshiil_international_bank|dahabshiil_bank|dahabshil_bank,https://trade.gov/country-commercial-guides/somalia-banking-services-and-financial-services,,rendered
Amal Bank,አማል ባንክ,bank,Somalia,amal_bank|amal_bank_somalia|amalbank,https://trade.gov/country-commercial-guides/somalia-banking-services-and-financial-services,,rendered
First Somali Takaful Insurance,ፈርስት ሶማሊ ታካፉል ኢንሹራንስ,insurer,Somalia,first_somali_takaful_insurance|first_somali_takaful|first_somali_insurance,https://centralbank.gov.so/wp-content/uploads/2026/01/Central-Bank-of-Somalia-CBS-Grants-First-Licenses-to.pdf,,rendered
Amanah Insurance,አማና ኢንሹራንስ,insurer,Somalia,amanah_insurance|amanah_insurance_somalia|amanah_takaful,https://centralbank.gov.so/wp-content/uploads/2026/01/Central-Bank-of-Somalia-CBS-Grants-First-Licenses-to.pdf,,rendered
Baraka Takaful Insurance,ባራካ ታካፉል ኢንሹራንስ,insurer,Somalia,baraka_takaful_insurance|baraka_takaful|baraka_insurance,https://centralbank.gov.so/wp-content/uploads/2026/01/Central-Bank-of-Somalia-CBS-Grants-First-Licenses-to.pdf,,rendered
Salmaster Insurance,ሳልማስተር ኢንሹራንስ,insurer,Somalia,salmaster_insurance|salmaster,https://centralbank.gov.so/wp-content/uploads/2026/01/Central-Bank-of-Somalia-CBS-Grants-First-Licenses-to.pdf,,rendered
Hormuud Telecom,ሆርሙድ ቴሌኮም,telecom,Somalia,hormuud_telecom|hormuud|hormud|hormud_telecom|hormuud_telecom_somalia,https://en.wikipedia.org/wiki/Telecommunications_in_Somalia,,rendered
Somtel,ሶምቴል,telecom,Somalia,somtel|somtel_network|somtel_somalia|somtel_international,https://en.wikipedia.org/wiki/Telecommunications_in_Somalia,,rendered
Telesom,ቴሌሶም,telecom,Somalia,telesom|telesom_somaliland|telesom_company,https://en.wikipedia.org/wiki/Telecommunications_in_Somalia,,rendered
Golis Telecom,ጎሊስ ቴሌኮም,telecom,Somalia,golis_telecom|golis|golis_telecom_somalia,https://en.wikipedia.org/wiki/Telecommunications_in_Somalia,,rendered
EVC Plus,ኢቪሲ ፕላስ,mobile money,Somalia,evc_plus|evcplus|evc|hormuud_evc|evc_hormuud,https://en.wikipedia.org/wiki/Mobile_money_in_Somalia,,rendered
Zaad,ዛድ,mobile money,Somalia,zaad|zaad_service|telesom_zaad|zaad_somaliland,https://en.wikipedia.org/wiki/Mobile_money_in_Somalia,,rendered
Sahal,ሳሃል,mobile money,Somalia,sahal_service|golis_sahal|sahal_golis|sahal_mobile_money,https://en.wikipedia.org/wiki/Mobile_money_in_Somalia,,rendered
e-Dahab,ኢ-ዳሃብ,mobile money,Somalia,edahab|e_dahab|edahab_somalia|e_dahab_service,https://en.wikipedia.org/wiki/Mobile_money_in_Somalia,,rendered
Premier Wallet,ፕሪሚየር ዋሌት,mobile money,Somalia,premier_wallet|premierwallet,https://en.wikipedia.org/wiki/Mobile_money_in_Somalia,,rendered
WAAFI,ዋፊ,mobile money,Somalia,waafi|waafi_app|waafi_pay|waafi_somalia|waafi_djibouti,https://en.wikipedia.org/wiki/Hormuud_Telecom,,rendered
Daallo Airlines,ዳሎ አየር መንገድ,airline,Somalia,daallo_airlines|daallo|daallo_airline|dallo_airlines,https://en.wikipedia.org/wiki/List_of_airlines_of_Somalia,,rendered
Jubba Airways,ጁባ ኤርዌይስ,airline,Somalia,jubba_airways|jubbaairways|jubba_airlines|juba_airways,https://en.wikipedia.org/wiki/List_of_airlines_of_Somalia,,rendered
BECO (Benadir Electric Company),ቤኮ (የበናዲር ኤሌክትሪክ ኩባንያ),utility,Somalia,beco|beco_somalia|benadir_electric_company|benadir_energy_company,https://www.trade.gov/country-commercial-guides/somalia-energy-and-electricity,,rendered
NECSOM,ኔክሶም,utility,Somalia,necsom|necsom_puntland|necsom_somalia,https://www.trade.gov/country-commercial-guides/somalia-energy-and-electricity,,rendered
Sompower,ሶምፓወር,utility,Somalia,sompower|som_power|sompower_hargeisa,https://www.trade.gov/country-commercial-guides/somalia-energy-and-electricity,,rendered
Somali Postal Service,የሶማሊያ ፖስታ አገልግሎት,utility,Somalia,somali_postal_service|somalia_postal_service|somali_post|somalia_post,https://en.wikipedia.org/wiki/List_of_companies_of_Somalia,,rendered
Central Bank of Somalia,የሶማሊያ ማዕከላዊ ባንክ,government body,Somalia,central_bank_of_somalia|cbs_somalia|centralbank_somalia,https://en.wikipedia.org/wiki/List_of_banks_in_Somalia,,rendered
Bank of Somaliland,የሶማሊላንድ ባንክ,government body,Somalia,bank_of_somaliland|central_bank_of_somaliland|baanka_somaliland,https://en.wikipedia.org/wiki/List_of_companies_of_Somalia,,rendered
National Identification and Registration Authority (NIRA),የሶማሊያ ብሔራዊ የመታወቂያና ምዝገባ ባለሥልጣን (ኒራ),government body,Somalia,national_identification_and_registration_authority|nira|nira_somalia,https://nira.gov.so/background,,rendered
Immigration and Citizenship Agency (ICA),የሶማሊያ ኢሚግሬሽንና ዜግነት ኤጀንሲ,government body,Somalia,immigration_and_citizenship_agency|ica_somalia|somalia_immigration|immigration_somalia|somali_immigration,https://immigration.gov.so/news/national-id-card-required-for-passport-applications,,rendered
Rikaab,ሪካብ,delivery or ride service,Somalia,rikaab|rikaab_app|rikaab_taxi,https://trade.gov/country-commercial-guides/somalia-ecommerce,,rendered
Dhaweeye,ዳዌዬ,delivery or ride service,Somalia,dhaweeye|dhaweye|dhaweeye_taxi|dhaweeye_app,https://somalia.startupblink.com/startup-database/startups/hargeisa+somalia/dhaweeye,,rendered
Gulivery,ጉሊቨሪ,delivery or ride service,Somalia,gulivery|gulivery_delivery|gulivery_app,https://www.howwemadeitinafrica.com/p/startup-snapshot-somaliland-delivery-business-on-what-it-would-do-with,,rendered
Dahabshiil,ዳሃብሺል,money transfer,Somalia,dahabshiil|dahabshil|dahabshill|dahabshiil_money_transfer|dahabshiil_group,https://en.wikipedia.org/wiki/Dahabshiil,,rendered
Amal Express,አማል ኤክስፕረስ,money transfer,Somalia,amal_express|amal_express_money_transfer|amal_money_transfer,https://en.wikipedia.org/wiki/Dahabshiil,,rendered
Tawakal Express,ታዋካል ኤክስፕረስ,money transfer,Somalia,tawakal_express|tawakal_money_transfer|tawakal_money_express,https://en.wikipedia.org/wiki/Dahabshiil,,rendered
Kaah Express,ካህ ኤክስፕረስ,money transfer,Somalia,kaah_express|kaah_money_transfer|kaah_express_money_transfer,https://en.wikipedia.org/wiki/Dahabshiil,,rendered
Iftin Express,ኢፍቲን ኤክስፕረስ,money transfer,Somalia,iftin_express|iftin_money_transfer|iftin_express_money_transfer,https://en.wikipedia.org/wiki/Dahabshiil,,rendered
Taaj Money Transfer,ታጅ ገንዘብ ማስተላለፊያ,money transfer,Somalia,taaj_money_transfer|taaj_services|taaj_financial_services|taaj_express,https://www.centralbank.go.ke/wp-content/uploads/2025/09/Directory-of-Money-Remittance-Providers-September-2025.pdf,,rendered
Juba Express,ጁባ ኤክስፕረስ,money transfer,Somalia,juba_express|juba_express_money_transfer|jubba_express,https://www.centralbank.go.ke/wp-content/uploads/2025/09/Directory-of-Money-Remittance-Providers-September-2025.pdf,,rendered
Bakaal Express,ባካል ኤክስፕረስ,money transfer,Somalia,bakaal_express|bakaal_money_transfer|bakaal_express_money_transfer|bakal_express,https://www.centralbank.go.ke/wp-content/uploads/2025/09/Directory-of-Money-Remittance-Providers-September-2025.pdf,,rendered
DHL,ዲኤችኤል,delivery or ride service,International,dhl|dhl_express|dhlexpress|dhl_global|dhl_global_forwarding|dhl_ecommerce|dhl_delivery|dhl_courier|dhl_support|dhl_official|dhl_ethiopia,https://blog.cloudflare.com/50-most-impersonated-brands-protect-phishing/,,rendered
FedEx,ፌዴክስ,delivery or ride service,International,fedex|fed_ex|federal_express|fedex_express|fedex_delivery|fedex_courier|fedex_support|fedex_official|fedex_ethiopia,https://blog.cloudflare.com/50-most-impersonated-brands-protect-phishing/,,rendered
UPS,ዩፒኤስ,delivery or ride service,International,ups|ups_courier|ups_delivery|ups_express|ups_shipping|ups_parcel|ups_logistics|ups_worldwide_express|united_parcel_service|unitedparcelservice,https://en.wikipedia.org/wiki/United_Parcel_Service,ups,rendered
Aramex,አራሜክስ,delivery or ride service,International,aramex|aramex_express|aramex_delivery|aramex_courier|aramex_support|aramex_official|aramex_ethiopia,https://en.wikipedia.org/wiki/Aramex,,rendered
EMS,ኢኤምኤስ,delivery or ride service,International,ems|ems_post|ems_express|ems_express_mail|ems_courier|ems_delivery|ems_international|express_mail_service,https://en.wikipedia.org/wiki/Express_Mail_Service,ems,rendered
USPS,ዩኤስፒኤስ,delivery or ride service,International,usps|us_postal_service|united_states_postal_service|usps_delivery|usps_tracking|usps_support|usps_official,https://blog.cloudflare.com/50-most-impersonated-brands-protect-phishing/,,rendered
DPD,ዲፒዲ,delivery or ride service,International,dpd|dpd_group|dpd_delivery|dpd_parcel|deutscher_paketdienst|dpd_support|dpd_official,https://blog.cloudflare.com/50-most-impersonated-brands-protect-phishing/,,rendered
Uber,ኡበር,delivery or ride service,International,uber|uber_ride|uber_taxi|uber_driver|uber_eats|ubereats|uber_support|uber_official|uber_ethiopia,https://en.wikipedia.org/wiki/Uber,,rendered
Bolt,ቦልት,delivery or ride service,International,bolt|bolt_ride|bolt_taxi|bolt_app|bolt_driver|bolt_food|bolt_eu|bolt_support|bolt_official|taxify,https://en.wikipedia.org/wiki/Bolt_(company),bolt,rendered
Glovo,ግሎቮ,delivery or ride service,International,glovo|glovo_app|glovo_delivery|glovo_courier|glovo_support|glovo_official|glovo_ethiopia,https://en.wikipedia.org/wiki/Glovo,,rendered
Western Union,ዌስተርን ዩኒየን,money transfer,International,western_union|westernunion|wu|wu_money_transfer|western_union_money_transfer|western_union_ethiopia|westernunion_ethiopia|western_union_support|western_union_official|western_union_agent,https://westernunion.com/ml/en/fraud-types.html,,rendered
MoneyGram,መኒግራም,money transfer,International,moneygram|money_gram|moneygram_international|moneygram_money_transfer|moneygram_ethiopia|moneygram_support|moneygram_official|moneygram_agent,https://www.moneygram.com/gb/en/help-center/faq/support/phishing/what-is-phishing,,rendered
WorldRemit,ወርልድሬሚት,money transfer,International,worldremit|world_remit|worldremit_ethiopia|worldremit_support|worldremit_official,https://nbe.gov.et/mta,,rendered
Remitly,ሬሚትሊ,money transfer,International,remitly|remitly_money_transfer|remitly_ethiopia|remitly_support|remitly_official,https://nbe.gov.et/mta,,rendered
Ria Money Transfer,ሪያ መኒ ትራንስፈር,money transfer,International,ria|ria_money_transfer|riamoneytransfer|ria_money|ria_transfer|ria_financial|ria_ethiopia|ria_support|ria_official|ria_financial_services,https://nbe.gov.et/mta,ria,rendered
Wise,ዋይዝ,money transfer,International,wise|wise_transfer|wise_money|wise_money_transfer|transferwise|transfer_wise|wise_com|wise_payments|wise_support|wise_official,https://wise.com/za/send-money/send-money-to-ethiopia,wise,rendered
Sendwave,ሴንድዌቭ,money transfer,International,sendwave|send_wave|sendwave_app|sendwave_support|sendwave_official,https://www.sendwave.com/en,,rendered
Taptap Send,ታፕታፕ ሴንድ,money transfer,International,taptap_send|taptapsend|tap_tap_send|taptap|taptap_send_ethiopia|taptap_send_support|taptap_send_official,https://nbe.gov.et/mta,,rendered
Xoom,ዙም,money transfer,International,xoom|xoom_money_transfer|xoom_paypal|xoom_ethiopia|xoom_support|xoom_official,https://partner.xoom.com/ethiopia,,rendered
TransferGo,ትራንስፈርጎ,money transfer,International,transfergo|transfer_go|transfergo_support|transfergo_official,https://www.transfergo.com/,,rendered
Paysend,ፔይሴንድ,money transfer,International,paysend|pay_send|paysend_money_transfer|paysend_support|paysend_official,https://paysend.com/,,rendered
LemFi,ሌምፋይ,money transfer,International,lemfi|lem_fi|lemonade_finance|lemfi_support|lemfi_official,https://support.lemfi.com/hc/en-us/articles/4417242333329-Where-can-I-send-money,,rendered
ACE Money Transfer,ኤይስ መኒ ትራንስፈር,money transfer,International,ace_money_transfer|acemoneytransfer|ace_money|ace_money_transfer_official,https://remittanceprices.worldbank.org/corridor/United-Kingdom/Ethiopia,,rendered
Transfast,ትራንስፋስት,money transfer,International,transfast|trans_fast|transfast_money_transfer|transfast_ethiopia|transfast_official,https://nbe.gov.et/mta,,rendered
Xpress Money,ኤክስፕረስ መኒ,money transfer,International,xpress_money|xpressmoney|xpress_money_transfer|express_money_transfer|xpress_money_ethiopia|xpress_money_official,https://nbe.gov.et/mta,,rendered
Golden Money Transfer,ጎልደን መኒ ትራንስፈር,money transfer,International,golden_money_transfer|goldenmoneytransfer|golden_money|golden_money_transfer_ethiopia,https://nbe.gov.et/mta,,rendered
Al Ansari Exchange,አል አንሳሪ ኤክስቼንጅ,money transfer,International,al_ansari_exchange|alansari_exchange|alansariexchange|al_ansari_money_transfer|al_ansari_exchange_official,https://nbe.gov.et/mta,,rendered
Afriex,አፍሪኤክስ,money transfer,International,afriex|afri_ex|afriex_app|afriex_support|afriex_official,https://nbe.gov.et/mta,,rendered
TalkRemit,ቶክሬሚት,money transfer,International,talkremit|talk_remit|talkremit_support|talkremit_official,https://nbe.gov.et/mta,,rendered
Botim,ቦቲም,money transfer,International,botim|botim_app|botim_money|botim_support|botim_official,https://nbe.gov.et/mta,,rendered
Walmart2World,ዎልማርት ቱ ወርልድ,money transfer,International,walmart2world|walmart_2_world|walmart_to_world|walmart_money_transfer,https://remittanceprices.worldbank.org/corridor/United-States/Ethiopia,,rendered
STC Pay,ኤስቲሲ ፔይ,money transfer,International,stc_pay|stcpay|stc_pay_support|stc_pay_official,https://remittanceprices.worldbank.org/corridor/Saudi-Arabia/Ethiopia,,rendered
WhatsApp,ዋትስአፕ,online platform,International,whatsapp|whats_app|watsapp|whatsap|whatsapp_support|whatsapp_official|whatsapp_business|whatsapp_team|whatsapp_help|whatsapp_ethiopia,https://blog.cloudflare.com/50-most-impersonated-brands-protect-phishing/,,rendered
Telegram,ቴሌግራም,online platform,International,telegram|telegram_support|telegramsupport|telegram_official|telegram_team|telegram_messenger|telegram_premium|telegram_security|telegram_ethiopia,https://en.wikipedia.org/wiki/Telegram_(software),,rendered
Facebook,ፌስቡክ,online platform,International,facebook|face_book|fb|facebook_support|fb_support|facebook_official|facebook_security|facebook_team|facebook_help|facebook_ethiopia,https://www.darkreading.com/cyberattacks-data-breaches/vade-releases-2023-phishers-favorites-report,,rendered
Messenger,ሜሴንጀር,online platform,International,messenger|facebook_messenger|facebookmessenger|fb_messenger|messenger_app|meta_messenger|messenger_support|messenger_official,https://en.wikipedia.org/wiki/Messenger_(platform),messenger,rendered
Instagram,ኢንስታግራም,online platform,International,instagram|insta_gram|instagram_support|instagram_official|instagram_help|instagram_team|ig_support|ig_official,https://blog.cloudflare.com/50-most-impersonated-brands-protect-phishing/,,rendered
TikTok,ቲክቶክ,online platform,International,tiktok|tik_tok|tiktok_support|tiktok_official|tiktok_shop|tiktok_team|tiktok_ethiopia,https://en.wikipedia.org/wiki/TikTok,,rendered
X (Twitter),ኤክስ (ትዊተር),online platform,International,x_twitter|twitter_x|twitter|x_com|x_corp|twitter_support|twitter_official|x_support|x_official,https://en.wikipedia.org/wiki/Twitter,,rendered
YouTube,ዩቲዩብ,online platform,International,youtube|you_tube|youtube_support|youtube_official|youtube_team|youtube_premium|yt_support,https://securitybrief.co.nz/story/microsoft-tops-phishing-brand-rankings-in-first-quarter,,rendered
Snapchat,ስናፕቻት,online platform,International,snapchat|snap_chat|snapchat_support|snapchat_official|snapchat_team|snap_inc,https://en.wikipedia.org/wiki/Snapchat,,rendered
LinkedIn,ሊንክድኢን,online platform,International,linkedin|linked_in|linkedin_support|linkedin_official|linkedin_jobs|linkedin_team,https://blog.checkpoint.com/research/which-brands-are-impersonated-most-inside-the-q2-2026-brand-phishing-report,,rendered
Viber,ቫይበር,online platform,International,viber|viber_support|viber_official|viber_team|viber_messenger|rakuten_viber,https://en.wikipedia.org/wiki/Viber,,rendered
imo,ኢሞ,online platform,International,imo|imo_app|imo_messenger|imo_im|imoim|imo_official|imo_support|imo_video_call,https://en.wikipedia.org/wiki/Imo.im,imo,rendered
WeChat,ዊቻት,online platform,International,wechat|we_chat|weixin|wechat_support|wechat_official|wechat_team,https://en.wikipedia.org/wiki/WeChat,,rendered
Signal,ሲግናል,online platform,International,signal|signal_app|signalapp|signal_messenger|signal_private_messenger|signal_support|signal_official,https://en.wikipedia.org/wiki/Signal_(software),signal,rendered
Pinterest,ፒንተረስት,online platform,International,pinterest|pinterest_support|pinterest_official|pinterest_team,https://en.wikipedia.org/wiki/Pinterest,,rendered
Reddit,ሬዲት,online platform,International,reddit|reddit_support|reddit_official|reddit_admin|reddit_team,https://en.wikipedia.org/wiki/Reddit,,rendered
Discord,ዲስኮርድ,online platform,International,discord|discord_app|discord_support|discord_official|discord_nitro|discord_team,https://en.wikipedia.org/wiki/Discord,,rendered
Threads,ትሬድስ,online platform,International,threads|threads_app|threads_meta|threads_instagram|threads_net|threads_official|threads_support,https://en.wikipedia.org/wiki/Threads_(social_network),threads,rendered
Meta,ሜታ,online platform,International,meta|meta_platforms|meta_inc|meta_support|meta_official|meta_business|meta_verified|meta_security|facebook_meta,https://blog.cloudflare.com/50-most-impersonated-brands-protect-phishing/,meta,rendered
PayPal,ፔይፓል,online platform,International,paypal|pay_pal|paypall|paypal_support|paypal_official|paypal_service|paypal_payments|paypal_security|paypal_ethiopia,https://blog.cloudflare.com/50-most-impersonated-brands-protect-phishing/,,rendered
Visa,ቪዛ,online platform,International,visa|visa_card|visacard|visa_credit_card|visa_inc|visa_international|visa_payment|visa_payments|visa_direct,https://en.wikipedia.org/wiki/Visa_Inc.,visa,rendered
Mastercard,ማስተርካርድ,online platform,International,mastercard|master_card|mastercard_support|mastercard_official|mastercard_international|mastercard_payments|mastercard_ethiopia,https://brandspurng.com/2025/04/22/check-point-research-unveils-q1-2025-brand-phishing-trends-microsoft-dominates-as-top-target-mastercard-makes-a-comeback/,,rendered
American Express,አሜሪካን ኤክስፕረስ,online platform,International,american_express|americanexpress|amex|amex_support|amex_official|american_express_support|american_express_official,https://blog.cloudflare.com/50-most-impersonated-brands-protect-phishing/,,rendered
Stripe,ስትራይፕ,online platform,International,stripe|stripe_payments|stripe_pay|stripe_inc|stripe_com|stripe_support|stripe_official,"https://en.wikipedia.org/wiki/Stripe,_Inc.",stripe,rendered
Payoneer,ፔዮኒር,online platform,International,payoneer|payoneer_support|payoneer_official|payoneer_team|payoneer_ethiopia,https://en.wikipedia.org/wiki/Payoneer,,rendered
Skrill,ስክሪል,online platform,International,skrill|skrill_support|skrill_official|skrill_money_transfer|skrill_ethiopia,https://en.wikipedia.org/wiki/Skrill,,rendered
Neteller,ኔቴለር,online platform,International,neteller|neteller_support|neteller_official,https://en.wikipedia.org/wiki/Neteller,,rendered
Cash App,ካሽ አፕ,online platform,International,cash_app|cashapp|cash_app_support|cashapp_support|cash_app_official|cashapp_official|square_cash,https://en.wikipedia.org/wiki/Cash_App,,rendered
Zelle,ዜል,online platform,International,zelle|zelle_pay|zellepay|zelle_support|zelle_official|zelle_payments,https://en.wikipedia.org/wiki/Zelle,,rendered
Venmo,ቬንሞ,online platform,International,venmo|venmo_support|venmo_official|venmo_payments,https://en.wikipedia.org/wiki/Venmo,,rendered
Apple Pay,አፕል ፔይ,online platform,International,apple_pay|applepay|apple_pay_support|apple_pay_official|apple_wallet,https://en.wikipedia.org/wiki/Apple_Pay,,rendered
Google Pay,ጉግል ፔይ,online platform,International,google_pay|googlepay|gpay|g_pay|google_pay_support|google_pay_official|google_wallet,https://en.wikipedia.org/wiki/Google_Pay_(payment_method),,rendered
Alipay,አሊፔይ,online platform,International,alipay|ali_pay|alipay_plus|alipay_support|alipay_official,https://en.wikipedia.org/wiki/Alipay,,rendered
WeChat Pay,ዊቻት ፔይ,online platform,International,wechat_pay|wechatpay|weixin_pay|wechat_pay_support|wechat_pay_official,https://en.wikipedia.org/wiki/WeChat,,rendered
UnionPay,ዩኒየንፔይ,online platform,International,unionpay|union_pay|china_unionpay|unionpay_international|unionpay_support|unionpay_official,https://en.wikipedia.org/wiki/UnionPay,,rendered
Revolut,ሬቮሉት,online platform,International,revolut|revolut_support|revolut_official|revolut_bank|revolut_business,https://en.wikipedia.org/wiki/Revolut,,rendered
Binance,ባይናንስ,online platform,International,binance|binance_support|binance_official|binance_team|binance_customer_service|binance_exchange|binance_p2p|binance_pay|binance_ethiopia,https://en.wikipedia.org/wiki/Binance,,rendered
Coinbase,ኮይንቤዝ,online platform,International,coinbase|coin_base|coinbase_support|coinbase_official|coinbase_wallet|coinbase_exchange,https://blog.cloudflare.com/50-most-impersonated-brands-protect-phishing/,,rendered
Bybit,ባይቢት,online platform,International,bybit|by_bit|bybit_support|bybit_official|bybit_exchange|bybit_p2p,https://en.wikipedia.org/wiki/Bybit,,rendered
OKX,ኦኬኤክስ,online platform,International,okx|okex|okx_support|okx_official|okx_exchange|okx_p2p,https://en.wikipedia.org/wiki/OKX,,rendered
Trust Wallet,ትረስት ዋሌት,online platform,International,trust_wallet|trustwallet|trust_wallet_support|trustwallet_support|trust_wallet_official,https://trustwallet.com/,,rendered
MetaMask,ሜታማስክ,online platform,International,metamask|meta_mask|metamask_support|metamask_official|metamask_wallet,https://en.wikipedia.org/wiki/MetaMask,,rendered
Netflix,ኔትፍሊክስ,online platform,International,netflix|net_flix|netflix_support|netflix_official|netflix_account|netflix_premium|netflix_ethiopia,https://blog.cloudflare.com/50-most-impersonated-brands-protect-phishing/,,rendered
Spotify,ስፖቲፋይ,online platform,International,spotify|spotify_support|spotify_official|spotify_premium,https://blog.checkpoint.com/research/microsoft-dominates-phishing-impersonations-in-q3-2025/,,rendered
Dropbox,ድሮፕቦክስ,online platform,International,dropbox|drop_box|dropbox_support|dropbox_official,https://securitybrief.co.nz/story/microsoft-tops-phishing-brand-rankings-in-first-quarter,,rendered
ChatGPT,ቻትጂፒቲ,online platform,International,chatgpt|chat_gpt|openai|open_ai|chatgpt_plus|chatgpt_support|chatgpt_official|openai_support|openai_official,https://blog.checkpoint.com/research/which-brands-are-impersonated-most-inside-the-q2-2026-brand-phishing-report,,rendered
eBay,ኢቤይ,online platform,International,ebay|e_bay|ebay_support|ebay_official|ebay_motors|ebay_buyer_protection|ebay_payments|ebay_store|ebay_ethiopia,https://blog.cloudflare.com/50-most-impersonated-brands-protect-phishing/,,rendered
AliExpress,አሊኤክስፕረስ,online platform,International,aliexpress|ali_express|aliexpress_support|aliexpress_official|aliexpress_store|aliexpress_ethiopia,https://en.wikipedia.org/wiki/AliExpress,,rendered
Alibaba,አሊባባ,online platform,International,alibaba|alibaba_com|alibabacom|alibaba_group|alibaba_official|alibaba_support|alibaba_trade_assurance|alibaba_express|alibaba_ethiopia,https://brandspurng.com/2025/04/22/check-point-research-unveils-q1-2025-brand-phishing-trends-microsoft-dominates-as-top-target-mastercard-makes-a-comeback/,alibaba,rendered
Temu,ቴሙ,online platform,International,temu|temu_app|temu_store|temu_support|temu_official|temu_ethiopia,https://en.wikipedia.org/wiki/Temu,,rendered
Jiji,ጂጂ,online platform,International,jiji|jiji_ethiopia|jiji_com_et|jiji_et|jijiet|jiji_ng|jiji_africa|jiji_support|jiji_official,https://jiji.com.et/,,rendered
Jumia,ጁሚያ,online platform,International,jumia|jumia_support|jumia_official|jumia_pay|jumia_food|jumia_express|jumia_deals|jumia_ethiopia,https://group.jumia.com/,,rendered
OLX,ኦኤልኤክስ,online platform,International,olx|olx_group|olx_support|olx_official|olx_ethiopia,https://en.wikipedia.org/wiki/OLX,,rendered
craigslist,ክሬግስሊስት,online platform,International,craigslist|craigs_list|craigslist_support|craigslist_official,https://en.wikipedia.org/wiki/Craigslist,,rendered
Facebook Marketplace,ፌስቡክ ማርኬትፕሌስ,online platform,International,facebook_marketplace|facebookmarketplace|fb_marketplace|meta_marketplace|marketplace_facebook|facebook_marketplace_support,https://en.wikipedia.org/wiki/Facebook,,rendered
Etsy,ኤትሲ,online platform,International,etsy|etsy_shop|etsy_payments|etsy_support|etsy_official,https://en.wikipedia.org/wiki/Etsy,,rendered
dubizzle,ዱቢዝል,online platform,International,dubizzle|dubizzle_uae|dubizzle_motors|dubizzle_property|dubizzle_support|dubizzle_official,https://www.dubizzle.com/,,rendered
Booking.com,ቡኪንግ ዶት ኮም,online platform,International,booking_com|bookingcom|booking_dot_com|booking_holdings|booking_com_support|bookingcom_support|booking_com_official,https://blog.checkpoint.com/research/microsoft-dominates-phishing-impersonations-in-q3-2025/,,rendered
Airbnb,ኤርቢኤንቢ,online platform,International,airbnb|air_bnb|airbnb_support|airbnb_official|airbnb_host|airbnb_ethiopia,https://blog.checkpoint.com/security/microsoft-and-google-top-the-list-in-q1-2024-phishing-attacks-check-point-research-highlights-a-surge-in-cyber-threats/,,rendered
Expedia,ኤክስፔዲያ,online platform,International,expedia|expedia_group|expedia_travel|expedia_support|expedia_official,https://en.wikipedia.org/wiki/Expedia,,rendered
Escrow.com,ኤስክሮው ዶት ኮም,online platform,International,escrow_com|escrowcom|escrow_dot_com|escrow_com_support|escrow_com_official|escrow_com_payments,https://en.wikipedia.org/wiki/Escrow.com,,rendered
Gmail,ጂሜይል,email provider,International,gmail|g_mail|gmail_com|google_mail|googlemail|gmail_support|gmail_official|gmail_team|gmail_security,https://en.wikipedia.org/wiki/Gmail,,rendered
Outlook,አውትሉክ,email provider,International,outlook|outlook_mail|outlook_com|outlook_live|microsoft_outlook|outlook_support|outlook_official|outlook_team|windows_live|live_mail|live_com|msn_mail,https://en.wikipedia.org/wiki/Outlook.com,outlook,rendered
Hotmail,ሆትሜይል,email provider,International,hotmail|hot_mail|hotmail_com|msn_hotmail|windows_live_hotmail|hotmail_support|hotmail_official|hotmail_team,https://en.wikipedia.org/wiki/Outlook.com,,rendered
Yahoo Mail,ያሁ ሜይል,email provider,International,yahoo_mail|yahoomail|yahoo|yahoo_com|ymail|rocketmail|yahoo_support|yahoo_mail_support|yahoo_official|yahoo_team,https://en.wikipedia.org/wiki/Yahoo_Mail,,rendered
iCloud Mail,አይክላውድ ሜይል,email provider,International,icloud|i_cloud|icloud_mail|icloud_com|apple_icloud|icloud_support|icloud_official|icloud_security,https://en.wikipedia.org/wiki/ICloud,,rendered
Proton Mail,ፕሮቶን ሜይል,email provider,International,proton|proton_mail|protonmail|proton_me|proton_mail_support|protonmail_support|proton_mail_official|protonmail_official,https://en.wikipedia.org/wiki/Proton_Mail,proton,rendered
AOL,ኤኦኤል,email provider,International,aol|aol_mail|aolmail|aol_com|america_online|aol_support|aol_official,https://en.wikipedia.org/wiki/AOL,,rendered
Zoho Mail,ዞሆ ሜይል,email provider,International,zoho_mail|zohomail|zoho|zoho_support|zoho_mail_support|zoho_official,https://en.wikipedia.org/wiki/Zoho_Corporation,,rendered
GMX,ጂኤምኤክስ,email provider,International,gmx|gmx_mail|gmxmail|gmx_net|gmx_com|gmx_support|gmx_official,https://en.wikipedia.org/wiki/GMX_Mail,,rendered
Yandex Mail,ያንዴክስ ሜይል,email provider,International,yandex_mail|yandexmail|yandex|yandex_ru|yandex_support|yandex_official,https://en.wikipedia.org/wiki/Yandex_Mail,,rendered
